,Id,lon,lat,X,Y,Type,ltype,Name,Source,x_pixel,y_pixel,elev
0,0,84.97684000301979,42.07756358286989,85.7662060116,41.880538343,strike-slip,1311,,,5754.441611004488,6738.61526391318,1372
1,0,85.16191093936507,42.05112487767771,85.7662060116,41.880538343,strike-slip,1311,,,5798.858635734462,6732.26997466604,1265
2,0,85.47256572537322,41.9784184383992,85.7662060116,41.880538343,strike-slip,1311,,,5873.415784388346,6714.820429236407,1185
3,0,85.84931727436181,41.85283458873634,85.7662060116,41.880538343,strike-slip,1311,,,5963.836156160076,6684.680305312498,981
4,0,86.0806559447934,41.79334750205393,85.7662060116,41.880538343,strike-slip,1311,,,6019.357437072542,6670.403404506435,924
5,0,86.34504299671522,41.71403138647738,85.7662060116,41.880538343,strike-slip,1311,,,6082.8103295439305,6651.367536765017,1212
6,0,86.45079781748396,41.667763652391066,85.7662060116,41.880538343,strike-slip,1311,,,6108.191486532489,6640.263280582525,1362
7,0,86.53672360935855,41.621495918304745,85.7662060116,41.880538343,strike-slip,1311,,,6128.813676585689,6629.159024400032,1404
8,1,74.56659983359803,40.696141236578356,73.6720793591,41.339571152,strike-slip,1311,Talas-Fergana fault,"Thompson, et al., 2002; Tapponnier, et al., 1979",3255.9839699435133,6407.073900750164,3270
9,1,74.3881385735508,40.75562832326077,73.6720793591,41.339571152,strike-slip,1311,Talas-Fergana fault,"Thompson, et al., 2002; Tapponnier, et al., 1979",3213.153267525325,6421.350801556228,3276
10,1,74.20306763720552,40.90104120181777,73.6720793591,41.339571152,strike-slip,1311,Talas-Fergana fault,"Thompson, et al., 2002; Tapponnier, et al., 1979",3168.736242795351,6456.249892415492,2989
11,1,74.01799670086025,41.06628310926891,73.6720793591,41.339571152,strike-slip,1311,Talas-Fergana fault,"Thompson, et al., 2002; Tapponnier, et al., 1979",3124.319218065379,6495.90795021011,2733
12,1,73.8791934986013,41.191866958931776,73.6720793591,41.339571152,strike-slip,1311,Talas-Fergana fault,"Thompson, et al., 2002; Tapponnier, et al., 1979",3091.0064495179,6526.048074134021,2065
13,1,73.7205612674482,41.310841132296595,73.6720793591,41.339571152,strike-slip,1311,Talas-Fergana fault,"Thompson, et al., 2002; Tapponnier, et al., 1979",3052.9347140350665,6554.601875746146,2027
14,1,73.54210000740098,41.416595953065325,73.6720793591,41.339571152,strike-slip,1311,Talas-Fergana fault,"Thompson, et al., 2002; Tapponnier, et al., 1979",3010.1040116168783,6579.983032734703,2444
15,1,73.44295486293028,41.476083039747735,73.6720793591,41.339571152,strike-slip,1311,Talas-Fergana fault,"Thompson, et al., 2002; Tapponnier, et al., 1979",2986.309176940104,6594.259933540765,2989
16,1,73.25788392658501,41.56200883162233,73.6720793591,41.339571152,strike-slip,1311,Talas-Fergana fault,"Thompson, et al., 2002; Tapponnier, et al., 1979",2941.8921522101327,6614.882123593967,2129
17,1,73.11247104802801,41.63471527090083,73.6720793591,41.339571152,strike-slip,1311,Talas-Fergana fault,"Thompson, et al., 2002; Tapponnier, et al., 1979",2906.9930613508695,6632.331669023599,1638
18,1,73.00010655096123,41.68098300498715,73.6720793591,41.339571152,strike-slip,1311,Talas-Fergana fault,"Thompson, et al., 2002; Tapponnier, et al., 1979",2880.025582050528,6643.435925206092,1390
19,1,72.88113237759642,41.700812033881284,73.6720793591,41.339571152,strike-slip,1311,Talas-Fergana fault,"Thompson, et al., 2002; Tapponnier, et al., 1979",2851.471780438403,6648.194892141447,1484
20,1,72.80842593831791,41.700812033881284,73.6720793591,41.339571152,strike-slip,1311,Talas-Fergana fault,"Thompson, et al., 2002; Tapponnier, et al., 1979",2834.0222350087697,6648.194892141447,2060
21,1,72.64979370716482,41.65454429979496,73.6720793591,41.339571152,strike-slip,1311,Talas-Fergana fault,"Thompson, et al., 2002; Tapponnier, et al., 1979",2795.9504995259363,6637.090635958953,1668
22,2,75.53161257311268,39.89637040451485,75.0509636404,40.3551241173,strike-slip,1311,Talas-Fergana fault,"Thompson, et al., 2002; Tapponnier, et al., 1979",3487.587027464085,6215.128901024211,2283
23,2,75.39280937085373,40.06822198826403,75.0509636404,40.3551241173,strike-slip,1311,Talas-Fergana fault,"Thompson, et al., 2002; Tapponnier, et al., 1979",3454.274258916606,6256.373281130614,3343
24,2,75.2143481108065,40.23346389571517,75.0509636404,40.3551241173,strike-slip,1311,Talas-Fergana fault,"Thompson, et al., 2002; Tapponnier, et al., 1979",3411.4435564984183,6296.031338925232,3011
25,2,75.0557158796534,40.35243806907999,75.0509636404,40.3551241173,strike-slip,1311,Talas-Fergana fault,"Thompson, et al., 2002; Tapponnier, et al., 1979",3373.3718210155844,6324.585140537358,3278
26,2,74.90369332479835,40.43836386095458,75.0509636404,40.3551241173,strike-slip,1311,Talas-Fergana fault,"Thompson, et al., 2002; Tapponnier, et al., 1979",3336.8864078445345,6345.20733059056,3744
27,2,74.73184174104917,40.55072835802136,75.0509636404,40.3551241173,strike-slip,1311,Talas-Fergana fault,"Thompson, et al., 2002; Tapponnier, et al., 1979",3295.6420277381303,6372.174809890901,3682
28,2,74.63269659657848,40.57716706321354,75.0509636404,40.3551241173,strike-slip,1311,Talas-Fergana fault,"Thompson, et al., 2002; Tapponnier, et al., 1979",3271.847193061359,6378.520099138039,3928
29,2,74.52694177580976,40.60360576840572,75.0509636404,40.3551241173,strike-slip,1311,Talas-Fergana fault,"Thompson, et al., 2002; Tapponnier, et al., 1979",3246.466036072805,6384.865388385178,3112
30,2,74.44762566023321,40.62343479729986,75.0509636404,40.3551241173,strike-slip,1311,Talas-Fergana fault,"Thompson, et al., 2002; Tapponnier, et al., 1979",3227.430168331388,6389.624355320533,3621
31,3,81.52034288412936,32.98792027310513,82.0026142801,32.5162974618,strike-slip,1311,,,4924.8823023380555,4557.100869220595,4728
32,3,81.56424404131401,32.96526161133241,82.0026142801,32.5162974618,strike-slip,1311,,,4935.418580064057,4551.662790394271,4765
33,3,81.61097753122026,32.89445329329264,82.0026142801,32.5162974618,strike-slip,1311,,,4946.634617643351,4534.668794062009,4849
34,3,81.74452434133569,32.817041253532246,82.0026142801,32.5162974618,strike-slip,1311,,,4978.685852076183,4516.089904516541,4536
35,3,81.84427890799645,32.67891954584812,82.0026142801,32.5162974618,strike-slip,1311,,,5002.626948078597,4482.940694667046,4488
36,3,81.96705375927122,32.548471266368665,82.0026142801,32.5162974618,strike-slip,1311,,,5032.0929123892565,4451.633107586968,4695
37,3,82.12819575156938,32.40267613047986,82.0026142801,32.5162974618,strike-slip,1311,,,5070.766990547001,4416.642274968057,4597
38,3,82.30468460027687,32.29524813561443,82.0026142801,32.5162974618,strike-slip,1311,,,5113.124314243577,4390.8595561962275,4923
39,3,82.4735000207797,32.21084042536302,82.0026142801,32.5162974618,strike-slip,1311,,,5153.640015170737,4370.601705732647,4797
40,3,82.54256087462176,32.16479985613498,82.0026142801,32.5162974618,strike-slip,1311,,,5170.214620095483,4359.55196911615,4838
41,3,82.56558115923578,32.13410614331628,82.0026142801,32.5162974618,strike-slip,1311,,,5175.739488403732,4352.185478038484,5017
42,4,83.5989553427773,33.99776049943946,84.0331334237,33.8557541423,strike-slip,1311,,,5423.7492924933795,4799.462523579611,4879
43,4,83.82148476071285,33.93637307380207,84.0331334237,33.8557541423,strike-slip,1311,,,5477.156352806456,4784.729541424282,5018
44,4,84.02099389403436,33.85963879175533,84.0331334237,33.8557541423,strike-slip,1311,,,5525.03854481128,4766.3133137301165,4734
45,4,84.2128295991512,33.798251366117945,84.0331334237,33.8557541423,strike-slip,1311,,,5571.07911404669,4751.580331574787,5013
46,4,84.35862473504001,33.74453736868523,84.0331334237,33.8557541423,strike-slip,1311,,,5606.0699466656015,4738.688972188872,4918
47,4,84.45837930170077,33.69082337125251,84.0331334237,33.8557541423,strike-slip,1311,,,5630.011042668015,4725.797612802958,4648
48,5,92.57314770449115,30.837296776726422,94.0737464569,30.4825738056,strike-slip,1311,Jiali fault,"Armijo, et al., 1986; 1989",7577.555459649312,4040.9512300071206,5024
49,5,92.89543168908745,30.745215638270338,94.0737464569,30.4825738056,strike-slip,1311,Jiali fault,"Armijo, et al., 1986; 1989",7654.9036159647985,4018.8517567741246,4917
50,5,93.21771567368374,30.645461071609578,94.0737464569,30.4825738056,strike-slip,1311,Jiali fault,"Armijo, et al., 1986; 1989",7732.251772280286,3994.9106607717117,4738
51,5,93.4325716634146,30.637787643404902,94.0737464569,30.4825738056,strike-slip,1311,Jiali fault,"Armijo, et al., 1986; 1989",7783.817209823944,3993.0690380022947,5114
52,5,93.56301994289407,30.65313449981425,94.0737464569,30.4825738056,strike-slip,1311,Jiali fault,"Armijo, et al., 1986; 1989",7815.124796904025,3996.7522835411273,5027
53,5,93.68579479416884,30.645461071609578,94.0737464569,30.4825738056,strike-slip,1311,Jiali fault,"Armijo, et al., 1986; 1989",7844.590761214684,3994.9106607717117,5199
54,5,93.80089621723896,30.60709393058621,94.0737464569,30.4825738056,strike-slip,1311,Jiali fault,"Armijo, et al., 1986; 1989",7872.215102755931,3985.70254692463,4082
55,5,93.93134449671841,30.50733936392545,94.0737464569,30.4825738056,strike-slip,1311,Jiali fault,"Armijo, et al., 1986; 1989",7903.52268983601,3961.761450922217,3535
56,5,94.1078333454259,30.476645651106754,94.0737464569,30.4825738056,strike-slip,1311,Jiali fault,"Armijo, et al., 1986; 1989",7945.880013532585,3954.394959844551,4311
57,5,94.39175018899883,30.376891084445997,94.0737464569,30.4825738056,strike-slip,1311,Jiali fault,"Armijo, et al., 1986; 1989",8014.020056000989,3930.453863842139,2760
58,5,94.59893275052502,30.300156802399258,94.0737464569,30.4825738056,strike-slip,1311,Jiali fault,"Armijo, et al., 1986; 1989",8063.743870775232,3912.037636147975,2682
59,5,94.7830950274372,30.24644280496654,94.0737464569,30.4825738056,strike-slip,1311,Jiali fault,"Armijo, et al., 1986; 1989",8107.942817241226,3899.1462767620606,2430
60,5,94.95958387614469,30.169708522919805,94.0737464569,30.4825738056,strike-slip,1311,Jiali fault,"Armijo, et al., 1986; 1989",8150.300140937801,3880.730049067897,2269
61,5,95.17443986587556,29.99321967421231,94.0737464569,30.4825738056,strike-slip,1311,Jiali fault,"Armijo, et al., 1986; 1989",8201.86557848146,3838.372725371321,4502
62,5,95.30488814535501,29.947179104984265,94.0737464569,30.4825738056,strike-slip,1311,Jiali fault,"Armijo, et al., 1986; 1989",8233.173165561537,3827.3229887548223,4467
63,5,95.51974413508587,29.947179104984265,94.0737464569,30.4825738056,strike-slip,1311,Jiali fault,"Armijo, et al., 1986; 1989",8284.738603105196,3827.3229887548223,4318
64,6,97.52244309549405,38.609269858931064,101.914885399,37.4560288965,strike-slip,1311,Haiyuan Fault,"Burchfiel, et al., 1991; Lassere, et al., 2001, 2002",8765.386353680062,5906.224770034679,4554
65,6,97.65834905180355,38.4988462694296,101.914885399,37.4560288965,strike-slip,1311,Haiyuan Fault,"Burchfiel, et al., 1991; Lassere, et al., 2001, 2002",8798.003783199561,5879.723108550086,4599
66,6,97.82823149719043,38.396916802197474,101.914885399,37.4560288965,strike-slip,1311,Haiyuan Fault,"Burchfiel, et al., 1991; Lassere, et al., 2001, 2002",8838.775570098935,5855.260036410463,4691
67,6,98.10853753207877,38.30348145723469,101.914885399,37.4560288965,strike-slip,1311,Haiyuan Fault,"Burchfiel, et al., 1991; Lassere, et al., 2001, 2002",8906.0490184829,5832.835553615806,4507
68,6,98.43980830058318,38.23552847907994,101.914885399,37.4560288965,strike-slip,1311,Haiyuan Fault,"Burchfiel, et al., 1991; Lassere, et al., 2001, 2002",8985.55400293668,5816.526838856056,4335
69,6,98.74559670227956,38.2270343568106,101.914885399,37.4560288965,strike-slip,1311,Haiyuan Fault,"Burchfiel, et al., 1991; Lassere, et al., 2001, 2002",9058.943219355551,5814.488249511089,4525
70,6,99.03439685943725,38.21854023454125,101.914885399,37.4560288965,strike-slip,1311,Haiyuan Fault,"Burchfiel, et al., 1991; Lassere, et al., 2001, 2002",9128.25525708449,5812.449660166119,4156
71,6,99.30620877205625,38.21004611227191,101.914885399,37.4560288965,strike-slip,1311,Haiyuan Fault,"Burchfiel, et al., 1991; Lassere, et al., 2001, 2002",9193.490116123487,5810.411070821151,4024
72,6,99.47609121744313,38.21004611227191,101.914885399,37.4560288965,strike-slip,1311,Haiyuan Fault,"Burchfiel, et al., 1991; Lassere, et al., 2001, 2002",9234.26190302286,5810.411070821151,4126
73,6,99.73091488552345,38.1505872563865,101.914885399,37.4560288965,strike-slip,1311,Haiyuan Fault,"Burchfiel, et al., 1991; Lassere, et al., 2001, 2002",9295.419583371922,5796.14094540637,4185
74,6,100.14712687672129,38.02317542234635,101.914885399,37.4560288965,strike-slip,1311,Haiyuan Fault,"Burchfiel, et al., 1991; Lassere, et al., 2001, 2002",9395.310461275387,5765.56210523184,4150
75,6,100.75870368011404,37.844798854690126,101.914885399,37.4560288965,strike-slip,1311,Haiyuan Fault,"Burchfiel, et al., 1991; Lassere, et al., 2001, 2002",9542.08889411313,5722.751728987498,3537
76,6,100.97955085911698,37.8023282433434,101.914885399,37.4560288965,strike-slip,1311,Haiyuan Fault,"Burchfiel, et al., 1991; Lassere, et al., 2001, 2002",9595.092217082318,5712.558782262653,3767
77,6,101.09846857088779,37.8023282433434,101.914885399,37.4560288965,strike-slip,1311,Haiyuan Fault,"Burchfiel, et al., 1991; Lassere, et al., 2001, 2002",9623.632467911877,5712.558782262653,3907
78,6,101.25136277173598,37.8023282433434,101.914885399,37.4560288965,strike-slip,1311,Haiyuan Fault,"Burchfiel, et al., 1991; Lassere, et al., 2001, 2002",9660.327076121315,5712.558782262653,3661
79,6,101.34479811669877,37.8023282433434,101.914885399,37.4560288965,strike-slip,1311,Haiyuan Fault,"Burchfiel, et al., 1991; Lassere, et al., 2001, 2002",9682.751558915972,5712.558782262653,4020
80,6,101.47220995073891,37.742869387458,101.914885399,37.4560288965,strike-slip,1311,Haiyuan Fault,"Burchfiel, et al., 1991; Lassere, et al., 2001, 2002",9713.3303990905,5698.288656847873,4112
81,6,101.80348071924332,37.513528086185715,101.914885399,37.4560288965,strike-slip,1311,Haiyuan Fault,"Burchfiel, et al., 1991; Lassere, et al., 2001, 2002",9792.83538354428,5643.246744533718,4741
82,6,102.06679850959299,37.377622129876215,101.914885399,37.4560288965,strike-slip,1311,Haiyuan Fault,"Burchfiel, et al., 1991; Lassere, et al., 2001, 2002",9856.03165323831,5610.629315014219,3647
83,6,102.27915156632658,37.301175029452125,101.914885399,37.4560288965,strike-slip,1311,Haiyuan Fault,"Burchfiel, et al., 1991; Lassere, et al., 2001, 2002",9906.996386862525,5592.282010909502,3255
84,6,102.57644584575361,37.25021029583606,101.914885399,37.4560288965,strike-slip,1311,Haiyuan Fault,"Burchfiel, et al., 1991; Lassere, et al., 2001, 2002",9978.347013936429,5580.05047483969,3252
85,6,103.24748150503177,37.173763195411965,101.914885399,37.4560288965,strike-slip,1311,Haiyuan Fault,"Burchfiel, et al., 1991; Lassere, et al., 2001, 2002",10139.395572188956,5561.7031707349715,3472
86,6,104.09689373196615,37.037857239102465,101.914885399,37.4560288965,strike-slip,1311,Haiyuan Fault,"Burchfiel, et al., 1991; Lassere, et al., 2001, 2002",10343.254506685824,5529.085741215472,1893
87,6,104.64051755720416,36.91893952733165,101.914885399,37.4560288965,strike-slip,1311,Haiyuan Fault,"Burchfiel, et al., 1991; Lassere, et al., 2001, 2002",10473.724224763822,5500.545490385911,1906
88,6,105.00576481478593,36.81701006009953,101.914885399,37.4560288965,strike-slip,1311,Haiyuan Fault,"Burchfiel, et al., 1991; Lassere, et al., 2001, 2002",10561.383566597473,5476.082418246287,2172
89,6,105.42197680598379,36.64712761471265,101.914885399,37.4560288965,strike-slip,1311,Haiyuan Fault,"Burchfiel, et al., 1991; Lassere, et al., 2001, 2002",10661.274444500941,5435.310631346913,1855
90,6,105.78722406356557,36.4432686802484,101.914885399,37.4560288965,strike-slip,1311,Haiyuan Fault,"Burchfiel, et al., 1991; Lassere, et al., 2001, 2002",10748.933786334595,5386.384487067665,1854
91,6,105.96560063122179,36.29037447940021,101.914885399,37.4560288965,strike-slip,1311,Haiyuan Fault,"Burchfiel, et al., 1991; Lassere, et al., 2001, 2002",10791.744162578936,5349.689878858227,1787
92,6,106.08451834299261,36.162962645360054,101.914885399,37.4560288965,strike-slip,1311,Haiyuan Fault,"Burchfiel, et al., 1991; Lassere, et al., 2001, 2002",10820.284413408499,5319.111038683698,1854
93,6,106.17795368795538,36.06103317812793,101.914885399,37.4560288965,strike-slip,1311,Haiyuan Fault,"Burchfiel, et al., 1991; Lassere, et al., 2001, 2002",10842.708896203152,5294.647966544074,1718
94,6,106.18644781022473,36.010068444511866,101.914885399,37.4560288965,strike-slip,1311,Haiyuan Fault,"Burchfiel, et al., 1991; Lassere, et al., 2001, 2002",10844.747485548123,5282.416430474262,1819
95,7,100.41893878934029,37.649434042495216,100.734981725,37.0645059461,strike-slip,1311,,,9460.545320314384,5675.864174053217,3793
96,7,100.56333886791913,37.445575108030965,100.734981725,37.0645059461,strike-slip,1311,,,9495.20133917885,5626.938029773969,4127
97,7,100.64828009061257,37.2587044181054,100.734981725,37.0645059461,strike-slip,1311,,,9515.587232628539,5582.089064184658,3414
98,7,100.71623306876732,37.09731609498787,100.734981725,37.0645059461,strike-slip,1311,,,9531.895947388288,5543.355866630252,3461
99,7,100.81816253599945,36.91893952733165,100.734981725,37.0645059461,strike-slip,1311,,,9556.359019527912,5500.545490385911,3567
100,7,101.04750383727173,36.74056295967543,100.734981725,37.0645059461,strike-slip,1311,,,9611.400931842067,5457.7351141415675,3012
101,7,101.1579274267732,36.562186392019214,100.734981725,37.0645059461,strike-slip,1311,,,9637.90259332666,5414.924737897227,3201
102,8,101.01352734819436,36.39230394663233,101.283687082,35.9770027397,strike-slip,1311,,,9603.246574462193,5374.152950997851,3310
103,8,101.1749156713119,36.12049203401333,101.283687082,35.9770027397,strike-slip,1311,,,9641.979772016599,5308.918091958853,2540
104,8,101.25136277173598,36.018562566781206,101.283687082,35.9770027397,strike-slip,1311,,,9660.327076121315,5284.455019819229,2992
105,8,101.3108216276214,35.942115466357116,101.283687082,35.9770027397,strike-slip,1311,,,9674.597201536097,5266.107715714512,2515
106,8,101.35329223896811,35.77223302097024,101.283687082,35.9770027397,strike-slip,1311,,,9684.79014826094,5225.335928815139,2949
107,8,101.38726872804548,35.64482118693008,101.283687082,35.9770027397,strike-slip,1311,,,9692.944505640815,5194.757088640607,3203
108,8,101.43823346166154,35.57686820877533,101.283687082,35.9770027397,strike-slip,1311,,,9705.176041710625,5178.4483738808585,3869
109,8,101.48070407300827,35.53439759742861,101.283687082,35.9770027397,strike-slip,1311,,,9715.368988435472,5168.255427156014,4355
110,9,101.64209239612579,35.35602102977239,101.837444866,35.1080395588,strike-slip,1311,,,9754.102185989874,5125.445050911672,3564
111,9,101.80348071924332,35.23710331800158,101.837444866,35.1080395588,strike-slip,1311,,,9792.83538354428,5096.904800082111,3711
112,9,101.84595133059004,35.075714994884045,101.837444866,35.1080395588,strike-slip,1311,,,9803.028330269122,5058.1716025277055,3752
113,9,101.87992781966742,34.89733842722783,101.837444866,35.1080395588,strike-slip,1311,,,9811.182687648996,5015.361226283364,3959
114,9,101.87992781966742,34.77842071545701,101.837444866,35.1080395588,strike-slip,1311,,,9811.182687648996,4986.820975453801,3843
115,10,98.66914960185547,36.978398383217055,99.1497787118,36.2242070929,strike-slip,1311,,,9040.595915250835,5514.8156158006905,3228
116,10,98.8135496804343,36.87646891598493,99.1497787118,36.2242070929,strike-slip,1311,,,9075.251934115302,5490.352543661066,3282
117,10,98.85602029178104,36.80851593783018,99.1497787118,36.2242070929,strike-slip,1311,,,9085.444880840147,5474.043828901317,3162
118,10,98.88150265858906,36.68959822605937,99.1497787118,36.2242070929,strike-slip,1311,,,9091.56064887505,5445.503578071755,3203
119,10,99.03439685943725,36.48573929159512,99.1497787118,36.2242070929,strike-slip,1311,,,9128.25525708449,5396.577433792508,4043
120,10,99.16180869347741,36.19693913443743,99.1497787118,36.2242070929,strike-slip,1311,,,9158.83409725902,5327.265396063573,4178
121,10,99.31470289432559,35.89115073274105,99.1497787118,36.2242070929,strike-slip,1311,,,9195.528705468454,5253.8761796447,4533
122,10,99.39964411701904,35.610844697852706,99.1497787118,36.2242070929,strike-slip,1311,,,9215.914598918143,5186.602731260733,4319
123,10,99.45060885063509,35.45795049700452,99.1497787118,36.2242070929,strike-slip,1311,,,9228.146134987954,5149.908123051297,4485
124,10,99.45060885063509,35.36451515204173,99.1497787118,36.2242070929,strike-slip,1311,,,9228.146134987954,5127.483640256641,3865
125,11,98.14251402115615,37.89576358830619,98.3055137957,37.4984425364,strike-slip,1311,,,8914.203375862775,5734.98326505731,4390
126,11,98.25293761065763,37.67491640930325,98.3055137957,37.4984425364,strike-slip,1311,,,8940.70503734737,5681.979942088124,4024
127,11,98.29540822200434,37.52202220845506,98.3055137957,37.4984425364,strike-slip,1311,,,8950.897984072213,5645.285333878688,3924
128,11,98.3463729556204,37.40310449668425,98.3055137957,37.4984425364,strike-slip,1311,,,8963.129520142023,5616.745083049126,3642
129,11,98.4058318115058,37.26719854037475,98.3055137957,37.4984425364,strike-slip,1311,,,8977.399645556805,5584.127653529627,3404
130,11,98.4228200560445,37.08882197271853,98.3055137957,37.4984425364,strike-slip,1311,,,8981.476824246743,5541.317277285284,3670
131,12,99.23239748147252,30.163030333956744,98.9989958262,29.5746700079,strike-slip,1311,,,9175.775406380555,3879.127283716506,3854
132,12,99.03396787836313,29.657936798769207,98.9989958262,29.5746700079,strike-slip,1311,,,9128.152301626682,3757.9048352521017,4162
133,12,98.8445578026678,29.206960428066047,98.9989958262,29.5746700079,strike-slip,1311,,,9082.693883452528,3649.6705062660258,3147
134,12,98.78142111076936,28.981472242714467,98.9989958262,29.5746700079,strike-slip,1311,,,9067.54107739448,3595.553341772988,4970
135,13,99.1151436250897,28.647749728394132,99.3531997752,28.9081236426,strike-slip,1311,,,9147.634480844177,3515.4599383232926,3171
136,13,99.40376850233972,28.96343318788634,99.3531997752,28.9081236426,strike-slip,1311,,,9216.904451395263,3591.223968613545,2891
137,13,99.56611999579286,29.18892137323792,99.3531997752,28.9081236426,strike-slip,1311,,,9255.868809830254,3645.3411331065827,3857
138,14,101.22571303998048,28.864218386331647,101.554762036,29.2883259814,strike-slip,1311,,,9654.17114049901,3567.4124162366084,4004
139,14,101.63159177361332,29.38735097634731,101.554762036,29.2883259814,strike-slip,1311,,,9751.582036586478,3692.964237860456,4762
140,14,101.81198232189459,29.7571516003239,101.554762036,29.2883259814,strike-slip,1311,,,9794.87576818091,3781.716387629038,4876
141,15,102.25393916518368,23.993673582737536,102.476804438,23.7975521427,strike-slip,1311,,,9900.945410587263,2398.481663186993,1608
142,15,102.47942735053526,23.795243979628147,102.476804438,23.7975521427,strike-slip,1311,,,9955.0625750803,2350.85855843312,1671
143,15,102.63275931657434,23.732107287729704,102.476804438,23.7975521427,strike-slip,1311,,,9991.862246935567,2335.705752375069,1931
144,15,102.75903270037122,23.714068232901578,102.476804438,23.7975521427,strike-slip,1311,,,10022.167859051668,2331.376379215626,1719
145,16,102.30805632966806,24.282298459987558,102.533544515,24.1379860214,strike-slip,1311,,,9913.933530065591,2467.7516337380816,2144
146,16,102.75903270037122,23.993673582737536,102.533544515,24.1379860214,strike-slip,1311,,,10022.167859051668,2398.481663186993,1392
147,17,98.43867906903496,21.567420708354543,98.6867160729,21.5358523624,strike-slip,1311,,,8985.282987365063,1816.1809732419067,955
148,17,98.93475307680843,21.5042840164561,98.6867160729,21.5358523624,strike-slip,1311,,,9104.340749249746,1801.0281671838559,622
149,18,99.55710046837879,23.03760367684684,100.229055261,22.496432032,strike-slip,1311,,,9253.70412325053,2169.0248857365127,1823
150,18,100.9010100530742,21.95526038715926,100.229055261,22.496432032,strike-slip,1311,,,9576.242423629035,1909.2624961699316,922
151,19,99.8006277085585,22.703881162526503,100.075723295,22.419766049,strike-slip,1311,,,9312.15066090301,2088.9314822868173,1558
152,19,100.35081888081635,22.135650935440523,100.075723295,22.419766049,strike-slip,1311,,,9444.196542266023,1952.556227764362,1131
153,20,103.50765347573846,23.33524808151093,104.365572226,22.3455436106,strike-slip,1311,,,10201.836845168553,2240.4595428673238,1737
154,20,103.68804402401972,23.00152556719059,104.365572226,22.3455436106,strike-slip,1311,,,10245.13057676298,2160.3661394176274,1662
155,20,103.87745409971505,22.76701785442495,104.365572226,22.3455436106,strike-slip,1311,,,10290.588994937134,2104.0842883448686,679
156,20,104.10294228506663,22.55054919648743,104.365572226,22.3455436106,strike-slip,1311,,,10344.706159430172,2052.131810431552,593
157,20,104.3554890526604,22.352119593378042,104.365572226,22.3455436106,strike-slip,1311,,,10405.317383662376,2004.5087056776788,462
158,20,104.56293818318385,22.216826682167095,104.365572226,22.3455436106,strike-slip,1311,,,10455.105174995968,1972.0384069818563,243
159,20,104.70725062180885,22.162709517682718,104.365572226,22.3455436106,strike-slip,1311,,,10489.74016027151,1959.0502875035274,181
160,20,104.89666069750419,21.937221332331138,104.365572226,22.3455436106,strike-slip,1311,,,10535.198578445665,1904.9331230104897,69
161,20,105.19430510216827,21.702713619565493,104.365572226,22.3455436106,strike-slip,1311,,,10606.633235576473,1848.65127193773,46
162,20,105.3566565956214,21.495264489042043,104.365572226,22.3455436106,strike-slip,1311,,,10645.597594011459,1798.8634806041357,42
163,21,100.20650644219134,25.725422846237663,103.324277179,22.9778653658,strike-slip,1311,Red River Fault,"Wang, et al., 1998; Leloup, et al., 1995",9409.561556990478,2814.1014864935228,1962
164,21,100.45003368237104,25.355622222261076,103.324277179,22.9778653658,strike-slip,1311,Red River Fault,"Wang, et al., 1998; Leloup, et al., 1995",9468.008094642959,2725.349336724941,1691
165,21,100.81081477893358,25.012880180526675,103.324277179,22.9778653658,strike-slip,1311,Red River Fault,"Wang, et al., 1998; Leloup, et al., 1995",9554.59555783182,2643.0912466955238,1365
166,21,101.18963493032422,24.525825700167264,103.324277179,22.9778653658,strike-slip,1311,Red River Fault,"Wang, et al., 1998; Leloup, et al., 1995",9645.512394180121,2526.1981713905625,1170
167,21,101.60453319137113,23.993673582737536,103.324277179,22.9778653658,strike-slip,1311,Red River Fault,"Wang, et al., 1998; Leloup, et al., 1995",9745.087976847313,2398.481663186993,824
168,21,101.96531428793365,23.596814376518758,103.324277179,22.9778653658,strike-slip,1311,Red River Fault,"Wang, et al., 1998; Leloup, et al., 1995",9831.675440036171,2303.235453679247,449
169,21,102.20884152811337,23.452501937893746,103.324277179,22.9778653658,strike-slip,1311,Red River Fault,"Wang, et al., 1998; Leloup, et al., 1995",9890.121977688656,2268.6004684037025,564
170,21,102.6147202617462,23.254072334784357,103.324277179,22.9778653658,strike-slip,1311,Red River Fault,"Wang, et al., 1998; Leloup, et al., 1995",9987.532873776121,2220.9773636498294,1237
171,21,102.94844277606654,23.15485753322966,103.324277179,22.9778653658,strike-slip,1311,Red River Fault,"Wang, et al., 1998; Leloup, et al., 1995",10067.626277225818,2197.165811272892,613
172,21,103.2280481259025,23.019564622018713,103.324277179,22.9778653658,strike-slip,1311,Red River Fault,"Wang, et al., 1998; Leloup, et al., 1995",10134.731561197184,2164.6955125770696,1218
173,21,103.4986339483244,22.902310765635892,103.324277179,22.9778653658,strike-slip,1311,Red River Fault,"Wang, et al., 1998; Leloup, et al., 1995",10199.67215858883,2136.55458704069,358
174,21,103.69706355143379,22.739959272182755,103.324277179,22.9778653658,strike-slip,1311,Red River Fault,"Wang, et al., 1998; Leloup, et al., 1995",10247.295263342703,2097.590228605703,206
175,21,104.3554890526604,22.18074857251084,103.324277179,22.9778653658,strike-slip,1311,Red River Fault,"Wang, et al., 1998; Leloup, et al., 1995",10405.317383662376,1963.3796606629696,101
176,21,104.78842636853543,21.856045585604566,103.324277179,22.9778653658,strike-slip,1311,Red River Fault,"Wang, et al., 1998; Leloup, et al., 1995",10509.222339489004,1885.450943792995,96
177,21,105.16724651992608,21.46820590679985,103.324277179,22.9778653658,strike-slip,1311,Red River Fault,"Wang, et al., 1998; Leloup, et al., 1995",10600.139175837308,1792.3694208649702,54
178,21,105.726457219598,20.981151426440437,103.324277179,22.9778653658,strike-slip,1311,Red River Fault,"Wang, et al., 1998; Leloup, et al., 1995",10734.349743780043,1675.4763455600084,8
179,21,106.33076555634022,20.27762828814351,103.324277179,22.9778653658,strike-slip,1311,Red River Fault,"Wang, et al., 1998; Leloup, et al., 1995",10879.383744621382,1506.6307923417307,6
180,21,106.4840975223793,20.14233537693256,103.324277179,22.9778653658,strike-slip,1311,Red River Fault,"Wang, et al., 1998; Leloup, et al., 1995",10916.18341647665,1474.1604936459075,0
181,22,103.53471205798064,22.451334394932733,103.787764652,22.2309337482,strike-slip,1311,,,10208.330904907714,2028.3202580546144,1789
182,22,103.8143174078166,22.207807154753027,103.787764652,22.2309337482,strike-slip,1311,,,10275.43618887908,1969.8737204021336,2281
183,22,104.01274701092599,21.982318969401447,103.787764652,22.2309337482,strike-slip,1311,,,10323.059293632954,1915.7565559090956,1729
184,23,103.8864736271291,21.78388936629206,104.315454278,21.2771115427,strike-slip,1311,,,10292.753681516853,1868.1334511552227,834
185,23,104.0849032302385,21.540362126112353,104.315454278,21.2771115427,strike-slip,1311,,,10340.376786270726,1809.6869135027418,894
186,23,104.22921566886352,21.332912995588902,104.315454278,21.2771115427,strike-slip,1311,,,10375.011771546273,1759.8991221691476,784
187,23,104.38254763490258,21.233698194034204,104.315454278,21.2771115427,strike-slip,1311,,,10411.811443401537,1736.0875697922104,533
188,23,104.54489912835572,21.197620084377952,104.315454278,21.2771115427,strike-slip,1311,,,10450.775801836526,1727.4288234733244,631
189,23,104.67117251215261,21.18860055696389,104.315454278,21.2771115427,strike-slip,1311,,,10481.081413952626,1725.2641368936033,461
190,23,104.77940684112137,21.143502919893574,104.315454278,21.2771115427,strike-slip,1311,,,10507.057652909285,1714.4407039949956,491
191,23,104.85156306043388,21.089385755409197,104.315454278,21.2771115427,strike-slip,1311,,,10524.375145547057,1701.4525845166668,651
192,23,104.91469975233231,21.026249063510754,104.315454278,21.2771115427,strike-slip,1311,,,10539.527951605107,1686.2997784586162,403
193,24,104.15705944955101,19.384695074151256,104.92371928,19.0735213784,strike-slip,1311,,,10357.694278908502,1292.3268209493012,371
194,24,105.69037910994174,18.7623476825809,104.92371928,19.0735213784,strike-slip,1311,,,10725.690997461157,1142.963446948517,6
195,25,103.37236056452751,19.02391397758873,104.860236549,18.166594521,strike-slip,1311,,,10169.36654647273,1205.739357760441,386
196,25,104.05784464799632,18.68117193585433,104.860236549,18.166594521,strike-slip,1311,,,10333.882726531565,1123.4812677310235,488
197,25,104.88764117009012,18.149019818424602,104.860236549,18.166594521,strike-slip,1311,,,10533.033891865942,995.7647595274541,518
198,25,105.49194950683236,17.725102029963633,104.860236549,18.166594521,strike-slip,1311,,,10678.067892707284,894.0244902805432,680
199,25,105.92488682270739,17.391379515643298,104.860236549,18.166594521,strike-slip,1311,,,10781.972848533916,813.9310868308477,387
200,25,106.22253122737148,17.1207936932214,104.860236549,18.166594521,strike-slip,1311,,,10853.407505664727,748.9904894392021,594
201,26,103.26412623555875,18.42862516826056,104.275814529,18.1556076334,strike-slip,1311,,,10143.390307516069,1062.870043498821,162
202,26,103.7421611885041,18.4196056408465,104.275814529,18.1556076334,strike-slip,1311,,,10258.11869624131,1060.7053569190998,160
203,26,104.06686417541037,18.320390839291804,104.275814529,18.1556076334,strike-slip,1311,,,10336.047413111284,1036.8938045421633,162
204,26,104.25627425110571,18.176078400666793,104.275814529,18.1556076334,strike-slip,1311,,,10381.505831285438,1002.258819266619,190
205,26,104.44568432680103,17.977648797557404,104.275814529,18.1556076334,strike-slip,1311,,,10426.964249459588,954.6357145127458,235
206,26,104.72528967663699,17.725102029963633,104.275814529,18.1556076334,strike-slip,1311,,,10494.069533430957,894.0244902805432,363
207,26,104.87862164267607,17.472555262369866,104.275814529,18.1556076334,strike-slip,1311,,,10530.869205286222,833.4132660483413,316
208,26,104.9417583345745,17.31922329633079,104.275814529,18.1556076334,strike-slip,1311,,,10546.022011344272,796.6135941930752,166
209,27,97.1037890117536,16.39923150009635,96.2177633364,20.588261654,strike-slip,1311,Sagaing Fault,"Wang and Burchfiel, 1997",8664.909373566277,575.8155630614815,0
210,27,96.9594765731286,17.301184241502664,96.2177633364,20.588261654,strike-slip,1311,Sagaing Fault,"Wang and Burchfiel, 1997",8630.274388290734,792.2842210336322,0
211,27,96.62575405880825,18.54587902464338,96.2177633364,20.588261654,strike-slip,1311,Sagaing Fault,"Wang and Burchfiel, 1997",8550.180984841038,1091.0109690352003,27
212,27,96.46340256535512,19.25842169035437,96.2177633364,20.588261654,strike-slip,1311,Sagaing Fault,"Wang and Burchfiel, 1997",8511.216626406052,1262.0212088331998,194
213,27,96.20183627034729,20.67448749436229,96.2177633364,20.588261654,strike-slip,1311,Sagaing Fault,"Wang and Burchfiel, 1997",8448.440715594126,1601.877001849477,197
214,27,96.04850430430822,21.792908893706123,96.2177633364,20.588261654,strike-slip,1311,Sagaing Fault,"Wang and Burchfiel, 1997",8411.641043738864,1870.2981377349445,74
215,27,95.99438713982384,22.821135018909327,96.2177633364,20.588261654,strike-slip,1311,Sagaing Fault,"Wang and Burchfiel, 1997",8398.652924260534,2117.0724078231974,214
216,27,95.9763480849957,24.065829802050047,96.2177633364,20.588261654,strike-slip,1311,Sagaing Fault,"Wang and Burchfiel, 1997",8394.323551101088,2415.7991558247663,119
217,27,95.94928950275353,24.859548214487603,96.2177633364,20.588261654,strike-slip,1311,Sagaing Fault,"Wang and Burchfiel, 1997",8387.829491361927,2606.291574840259,472
218,28,81.62230686210663,33.24920296667187,81.9695203934,33.0580544278,strike-slip,1311,,,4949.353657056515,4619.808715686644,4529
219,28,81.73843250369184,33.21379880765198,81.9695203934,33.0580544278,strike-slip,1311,,,4977.223811041425,4611.311717520513,4604
220,28,81.88854613793615,33.117499495117904,81.9695203934,33.0580544278,strike-slip,1311,,,5013.251083265823,4588.199882508637,4517
221,28,81.95991526009544,33.06537262459458,81.9695203934,33.0580544278,strike-slip,1311,,,5030.379672586794,4575.689433581037,4495
222,28,82.05086758117633,32.99607561805676,81.9695203934,33.0580544278,strike-slip,1311,,,5052.208229649701,4559.058152009298,4483
223,28,82.10521959113782,32.94260294955968,81.9695203934,33.0580544278,strike-slip,1311,,,5065.252712042546,4546.224711567946,4446
224,28,82.16894707737362,32.880291629684685,81.9695203934,33.0580544278,strike-slip,1311,,,5080.547308741583,4531.269994795554,4429
225,28,82.26949488899008,32.79390548167617,81.9695203934,33.0580544278,strike-slip,1311,,,5104.678783533396,4510.537319270194,4380
226,29,82.04220545535911,32.89213010825002,82.5554268004,32.5920864788,strike-slip,1311,,,5050.1293194532345,4534.11122965169,4557
227,29,82.13315777644,32.814170975894974,82.5554268004,32.5920864788,strike-slip,1311,,,5071.957876516141,4515.4010378834855,4532
228,29,82.24576541206396,32.73621184353993,82.5554268004,32.5920864788,strike-slip,1311,,,5098.983709070216,4496.69084611528,4470
229,29,82.37029052971968,32.66786667556542,82.5554268004,32.5920864788,strike-slip,1311,,,5128.8697373123705,4480.288005798774,4698
230,29,82.51234971778696,32.61077746914586,82.5554268004,32.5920864788,strike-slip,1311,,,5162.963942453973,4466.586596255887,4574
231,29,82.85211421926991,32.46335488029725,82.5554268004,32.5920864788,strike-slip,1311,,,5244.507422822927,4431.20517492656,4465
232,29,82.95737999666689,32.41030141869579,82.5554268004,32.5920864788,strike-slip,1311,,,5269.771209402244,4418.472344140172,4402
233,29,83.10474980858714,32.35453986823947,82.5554268004,32.5920864788,strike-slip,1311,,,5305.139964268765,4405.089572028514,5337
234,30,84.47239522896027,33.66538995918924,84.6804162673,33.549324722,strike-slip,1311,,,5633.374865210832,4719.693593906796,4615
235,30,84.56541010318739,33.60265899750118,84.6804162673,33.549324722,strike-slip,1311,,,5655.698435028913,4704.638163099253,4660
236,30,84.66275125063439,33.565885675132314,84.6804162673,33.549324722,strike-slip,1311,,,5679.06031041993,4695.812565729312,4773
237,30,84.73197162215224,33.50099157683432,84.6804162673,33.549324722,strike-slip,1311,,,5695.673199586874,4680.237982135302,4731
238,30,84.78388690079065,33.42528179548666,84.6804162673,33.549324722,strike-slip,1311,,,5708.132866462084,4662.067634608957,4848
239,30,84.8271496329893,33.36038769718867,84.6804162673,33.549324722,strike-slip,1311,,,5718.515922191423,4646.493051014947,4785
240,31,82.33462212788116,30.606290005439824,80.1276384811,31.9337342079,strike-slip,1311,Karakoram Fault,"Murphy, et al., 2000",5120.3093208697555,3985.5096048894666,5113
241,31,82.20848290247531,30.674843932290834,80.1276384811,31.9337342079,strike-slip,1311,Karakoram Fault,"Murphy, et al., 2000",5090.035906767508,4001.9625473363412,5268
242,31,82.0850858341435,30.726944916697597,80.1276384811,31.9337342079,strike-slip,1311,Karakoram Fault,"Murphy, et al., 2000",5060.420610363135,4014.4667835959654,4929
243,31,81.9973368077742,30.75710864451204,80.1276384811,31.9337342079,strike-slip,1311,Karakoram Fault,"Murphy, et al., 2000",5039.360844031135,4021.70607827259,5074
244,31,81.8876505248126,30.75710864451204,80.1276384811,31.9337342079,strike-slip,1311,Karakoram Fault,"Murphy, et al., 2000",5013.036136116138,4021.70607827259,4954
245,31,81.66553580181534,30.806467471844766,80.1276384811,31.9337342079,strike-slip,1311,Karakoram Fault,"Murphy, et al., 2000",4959.728602588265,4033.552196834339,4832
246,31,81.55310736177968,30.84759982795537,80.1276384811,31.9337342079,strike-slip,1311,Karakoram Fault,"Murphy, et al., 2000",4932.74577697539,4043.423962302464,4987
247,31,81.45164755004019,30.875021398695775,80.1276384811,31.9337342079,strike-slip,1311,Karakoram Fault,"Murphy, et al., 2000",4908.395422154017,4050.0051392812143,4638
248,31,81.27889165437564,30.979223367509306,80.1276384811,31.9337342079,strike-slip,1311,Karakoram Fault,"Murphy, et al., 2000",4866.934007187891,4075.0136118004625,4756
249,31,81.15001027189575,31.03406650899011,80.1276384811,31.9337342079,strike-slip,1311,Karakoram Fault,"Murphy, et al., 2000",4836.002475387769,4088.175965757962,4915
250,31,81.06500340260051,31.09713612169304,80.1276384811,31.9337342079,strike-slip,1311,Karakoram Fault,"Murphy, et al., 2000",4815.600826753646,4103.3126728090865,4908
251,31,80.98822300452738,31.149237106099804,80.1276384811,31.9337342079,strike-slip,1311,Karakoram Fault,"Murphy, et al., 2000",4797.173531213148,4115.816909068711,4854
252,31,80.88127887863982,31.19311161928445,80.1276384811,31.9337342079,strike-slip,1311,Karakoram Fault,"Murphy, et al., 2000",4771.506940996025,4126.346792234711,4745
253,31,80.75513965323395,31.250696917839296,80.1276384811,31.9337342079,strike-slip,1311,Karakoram Fault,"Murphy, et al., 2000",4741.233526893774,4140.1672638900845,4683
254,31,80.61803179953195,31.360383200800907,80.1276384811,31.9337342079,strike-slip,1311,Karakoram Fault,"Murphy, et al., 2000",4708.3276420000275,4166.491971805083,4909
255,31,80.52754061608861,31.420710656429794,80.1276384811,31.9337342079,strike-slip,1311,Karakoram Fault,"Murphy, et al., 2000",4686.609757970153,4180.970561158333,4693
256,31,80.43979158971932,31.47006948376252,80.1276384811,31.9337342079,strike-slip,1311,Karakoram Fault,"Murphy, et al., 2000",4665.549991638152,4192.816679720082,4612
257,31,80.38494844823852,31.513943996947166,80.1276384811,31.9337342079,strike-slip,1311,Karakoram Fault,"Murphy, et al., 2000",4652.387637680654,4203.346562886082,4675
258,31,80.33833177797983,31.574271452576053,80.1276384811,31.9337342079,strike-slip,1311,Karakoram Fault,"Murphy, et al., 2000",4641.199636816779,4217.825152239332,4678
259,31,80.29994157894328,31.64008322235302,80.1276384811,31.9337342079,strike-slip,1311,Karakoram Fault,"Murphy, et al., 2000",4631.985989046531,4233.6199769883315,4498
260,31,80.27800432235095,31.711379306278065,80.1276384811,31.9337342079,strike-slip,1311,Karakoram Fault,"Murphy, et al., 2000",4626.721047463531,4250.73103713308,4499
261,31,80.20122392427783,31.851229317054123,80.1276384811,31.9337342079,strike-slip,1311,Karakoram Fault,"Murphy, et al., 2000",4608.293751923033,4284.295039724704,4564
262,31,80.1107327408345,31.95268912879361,80.1276384811,31.9337342079,strike-slip,1311,Karakoram Fault,"Murphy, et al., 2000",4586.575867893158,4308.645394546077,4443
263,31,80.009272929095,32.0404381551629,80.1276384811,31.9337342079,strike-slip,1311,Karakoram Fault,"Murphy, et al., 2000",4562.225513071785,4329.705160878077,4599
264,31,79.92152390272571,32.1693195376428,80.1276384811,31.9337342079,strike-slip,1311,Karakoram Fault,"Murphy, et al., 2000",4541.1657467397845,4360.636692678201,4256
265,31,79.88587586076318,32.248842092789964,80.1276384811,31.9337342079,strike-slip,1311,Karakoram Fault,"Murphy, et al., 2000",4532.610216667408,4379.722105916574,4280
266,31,79.7103778080246,32.43530877382471,80.1276384811,31.9337342079,strike-slip,1311,Karakoram Fault,"Murphy, et al., 2000",4490.490684003411,4424.474109372073,4223
267,31,79.55955916895239,32.61354898363733,80.1276384811,31.9337342079,strike-slip,1311,Karakoram Fault,"Murphy, et al., 2000",4454.294210620288,4467.2517597339465,4239
268,31,79.4580993572129,32.704040167080656,80.1276384811,31.9337342079,strike-slip,1311,Karakoram Fault,"Murphy, et al., 2000",4429.943855798915,4488.9696437638195,4210
269,31,79.27163267617816,32.90695979055964,80.1276384811,31.9337342079,strike-slip,1311,Karakoram Fault,"Murphy, et al., 2000",4385.191852343416,4537.670353406568,4195
270,31,79.01935422536644,33.164722555519425,80.1276384811,31.9337342079,strike-slip,1311,Karakoram Fault,"Murphy, et al., 2000",4324.645024138917,4599.5334170068145,4192
271,31,78.90144147118271,33.30183040922144,80.1276384811,31.9337342079,strike-slip,1311,Karakoram Fault,"Murphy, et al., 2000",4296.345963130293,4632.439301900563,4296
272,31,78.78627087407301,33.41974316340517,80.1276384811,31.9337342079,strike-slip,1311,Karakoram Fault,"Murphy, et al., 2000",4268.705019819543,4660.738362909186,4505
273,31,78.6628738057412,33.597983373217794,80.1276384811,31.9337342079,strike-slip,1311,Karakoram Fault,"Murphy, et al., 2000",4239.08972341517,4703.51601327106,4320
274,31,78.59980419303827,33.72960691277173,80.1276384811,31.9337342079,strike-slip,1311,Karakoram Fault,"Murphy, et al., 2000",4223.953016364044,4735.105662769059,4849
275,31,78.41059535492948,33.970916735287275,80.1276384811,31.9337342079,strike-slip,1311,Karakoram Fault,"Murphy, et al., 2000",4178.54289521067,4793.020020182056,4241
276,32,75.39029143424231,37.30525655448298,76.5797088228,35.9814010629,strike-slip,1311,Karakoram Fault,"Murphy, et al., 2000",3453.6699541297703,5593.261576917064,3704
277,32,75.43715447017563,37.1244991301688,76.5797088228,35.9814010629,strike-slip,1311,Karakoram Fault,"Murphy, et al., 2000",3464.917082755565,5549.87979507472,3803
278,32,75.69155380809929,36.83662619514992,76.5797088228,35.9814010629,strike-slip,1311,Karakoram Fault,"Murphy, et al., 2000",3525.972923867012,5480.7902906591335,4683
279,32,76.17357360627044,36.354606396978774,76.5797088228,35.9814010629,strike-slip,1311,Karakoram Fault,"Murphy, et al., 2000",3641.6576754465978,5365.10553907955,4600
280,32,76.66898284327966,35.8993654764838,76.5797088228,35.9814010629,strike-slip,1311,Karakoram Fault,"Murphy, et al., 2000",3760.555892347836,5255.847718143275,5028
281,32,76.80957195107959,35.77886052694101,76.5797088228,35.9814010629,strike-slip,1311,Karakoram Fault,"Murphy, et al., 2000",3794.297278225217,5226.926530248377,4521
282,32,76.97024521713664,35.53785062785544,76.5797088228,35.9814010629,strike-slip,1311,Karakoram Fault,"Murphy, et al., 2000",3832.858862085078,5169.084154458586,5011
283,32,77.15769736086986,35.34370376470317,76.5797088228,35.9814010629,strike-slip,1311,Karakoram Fault,"Murphy, et al., 2000",3877.84737658825,5122.488907294586,4749
284,32,77.29159174925074,35.089304426779506,76.5797088228,35.9814010629,strike-slip,1311,Karakoram Fault,"Murphy, et al., 2000",3909.982029804803,5061.433066183138,3404
285,32,77.67988547555527,34.5671163120941,76.5797088228,35.9814010629,strike-slip,1311,Karakoram Fault,"Murphy, et al., 2000",4003.1725241327995,4936.107918638589,4185
286,33,78.5824553754136,33.60855421345829,78.3279784722,33.8525454591,strike-slip,1311,Karakoram Fault,"Murphy, et al., 2000",4219.789300133459,4706.053014929185,4595
287,33,78.40474100538081,33.781399696640875,78.3279784722,33.8525454591,strike-slip,1311,Karakoram Fault,"Murphy, et al., 2000",4177.137851318765,4747.535930899643,4802
288,33,78.30492882495143,33.87390854679493,78.3279784722,33.8525454591,strike-slip,1311,Karakoram Fault,"Murphy, et al., 2000",4153.182928011881,4769.738054940169,4622
289,33,78.26354328672461,33.93233518899749,78.3279784722,33.8525454591,strike-slip,1311,Karakoram Fault,"Murphy, et al., 2000",4143.250398835855,4783.760449071026,4350
290,33,78.16129666287013,34.01267182202602,78.3279784722,33.8525454591,strike-slip,1311,Karakoram Fault,"Murphy, et al., 2000",4118.711209106852,4803.0412410009585,4383
291,33,78.09556669039225,34.112484002455396,78.3279784722,33.8525454591,strike-slip,1311,Karakoram Fault,"Murphy, et al., 2000",4102.936015709636,4826.996164307841,4111
292,34,77.69631796867473,34.521470497873345,77.8662416827,34.2834554668,strike-slip,1311,Karakoram Fault,"Murphy, et al., 2000",4007.1163224821025,4925.1529232238545,3157
293,34,77.78152348855346,34.39001055291757,77.8662416827,34.2834554668,strike-slip,1311,Karakoram Fault,"Murphy, et al., 2000",4027.5656472562687,4893.602536429421,3242
294,34,77.81804013993006,34.33888724099033,77.8662416827,34.2834554668,strike-slip,1311,Karakoram Fault,"Murphy, et al., 2000",4036.329643588055,4881.33294156492,3275
295,34,77.8667290084322,34.28289504221288,77.8662416827,34.2834554668,strike-slip,1311,Karakoram Fault,"Murphy, et al., 2000",4048.0149720304385,4867.894813856181,4316
296,34,77.95436897173605,34.21473062630989,77.8662416827,34.2834554668,strike-slip,1311,Karakoram Fault,"Murphy, et al., 2000",4069.0485632267264,4851.535354036846,5068
297,34,77.96897563228669,34.178213974933286,77.8662416827,34.2834554668,strike-slip,1311,Karakoram Fault,"Murphy, et al., 2000",4072.554161759441,4842.771357705059,5110
298,34,78.02983671791436,34.15873842753243,77.8662416827,34.2834554668,strike-slip,1311,Karakoram Fault,"Murphy, et al., 2000",4087.160822312421,4838.0972263281055,4473
299,34,78.09069780354203,34.110049559030294,77.8662416827,34.2834554668,strike-slip,1311,Karakoram Fault,"Murphy, et al., 2000",4101.767482865397,4826.411897885723,4175
300,35,91.04121987483653,31.26666314379642,91.4839181115,31.0182335787,strike-slip,1311,,,7209.892780473378,4143.9991581204085,4666
301,35,91.1162276657666,31.214483810975505,91.4839181115,31.0182335787,strike-slip,1311,,,7227.894650299475,4131.476118241385,4666
302,35,91.19612726914862,31.160673874003933,91.4839181115,31.0182335787,strike-slip,1311,,,7247.070555114227,4118.561733366141,4666
303,35,91.30048593479046,31.106863937032365,91.4839181115,31.0182335787,strike-slip,1311,,,7272.116634872276,4105.647348490898,4765
304,35,91.41788943363751,31.04653158345818,91.4839181115,31.0182335787,strike-slip,1311,,,7300.293474600077,4091.167583630777,4951
305,35,91.55486018229243,30.98782983403465,91.4839181115,31.0182335787,strike-slip,1311,,,7333.166454282517,4077.0791637668754,5545
306,35,91.62334555661988,30.950325938569616,91.4839181115,31.0182335787,strike-slip,1311,,,7349.602944123735,4068.0782288538276,4746
307,35,91.7489020762202,30.934019897063077,91.4839181115,31.0182335787,strike-slip,1311,,,7379.736508832634,4064.164778891632,5193
308,35,91.9038094705323,30.88999358499543,91.4839181115,31.0182335787,strike-slip,1311,,,7416.914283473485,4053.598463993706,5071
309,35,91.96577242825714,30.86716512688628,91.4839181115,31.0182335787,strike-slip,1311,,,7431.785393329827,4048.1196340466336,5252
310,36,89.84992139071255,31.649783230502987,90.61881893,31.5011695747,strike-slip,1311,,,6923.981144237877,4235.947978944696,4851
311,36,90.1497334718546,31.592676167428312,90.61881893,31.5011695747,strike-slip,1311,,,6995.936043723482,4222.24228380458,5026
312,36,90.34960819261597,31.571261018775306,90.61881893,31.5011695747,strike-slip,1311,,,7043.905976713886,4217.102648127037,4906
313,36,90.55662129626167,31.521292338584967,90.61881893,31.5011695747,strike-slip,1311,,,7093.589121596802,4205.1101648794365,5052
314,36,90.79932631432905,31.442770126857287,90.61881893,31.5011695747,strike-slip,1311,,,7151.8383259422935,4186.264834061778,4674
315,36,90.98414872956366,31.341670934726487,90.61881893,31.5011695747,strike-slip,1311,,,7196.195705605696,4162.001027946504,4728
316,36,91.1439479363277,31.265032539645766,90.61881893,31.5011695747,strike-slip,1311,,,7234.547515235205,4143.607813124188,4910
317,36,91.32168378874896,31.15904326985328,90.61881893,31.5011695747,strike-slip,1311,,,7277.20411982313,4118.170388369922,4685
318,37,85.8292551131511,32.0249986583552,86.2620968079,31.8107361774,strike-slip,1311,,,5959.021237468736,4325.999681643635,5233
319,37,85.89352953028153,31.98788244564609,86.2620968079,31.8107361774,strike-slip,1311,,,5974.447097582505,4317.091790592023,5106
320,37,85.95056175956624,31.9525767798984,86.2620968079,31.8107361774,strike-slip,1311,,,5988.134832613027,4308.618430811222,5138
321,37,86.03203637283015,31.910028926305035,86.2620968079,31.8107361774,strike-slip,1311,,,6007.688739799493,4298.40694594718,5100
322,37,86.09359496951842,31.876533807518765,86.2620968079,31.8107361774,strike-slip,1311,,,6022.462803007043,4290.3681174371895,4806
323,37,86.19589087283865,31.833080680444688,86.2620968079,31.8107361774,strike-slip,1311,,,6047.013819807825,4279.939366937742,4869
324,37,86.26831275129544,31.808638296465517,86.2620968079,31.8107361774,strike-slip,1311,,,6064.395070640237,4274.073194781803,4748
325,37,86.38056666290348,31.766090442872148,86.2620968079,31.8107361774,strike-slip,1311,,,6091.336009430475,4263.861709917761,4660
326,37,86.43488307174609,31.75884825502647,86.2620968079,31.8107361774,strike-slip,1311,,,6104.371947554788,4262.12358483452,4988
327,37,86.49463112147293,31.73983751193156,86.2620968079,31.8107361774,strike-slip,1311,,,6118.711479491526,4257.5610064910115,4855
328,37,86.54985280379624,31.730784777124462,86.2620968079,31.8107361774,strike-slip,1311,,,6131.96468325124,4255.38835013696,4930
329,37,86.59692702479316,31.714489854471683,86.2620968079,31.8107361774,strike-slip,1311,,,6143.262496292308,4251.477568699667,5200
330,37,86.64490651927079,31.69185801745393,86.2620968079,31.8107361774,strike-slip,1311,,,6154.777574968782,4246.045927814538,5046
331,37,86.68835964634486,31.671036727397603,86.2620968079,31.8107361774,strike-slip,1311,,,6165.206325468228,4241.048818200219,5113
332,37,86.7182336712083,31.656552351706242,86.2620968079,31.8107361774,strike-slip,1311,,,6172.3760914365985,4237.572568033737,4877
333,38,87.43873306917465,31.550164940156062,88.3077893635,31.2072963679,strike-slip,1311,Gyaring Co Fault,"Armijo, et al., 1986, 1989; Taylor, et al., 2003; Taylor and Peltzer, 2006",6345.29594697619,4212.039589257608,4658
334,38,87.57955507156288,31.5052217479045,88.3077893635,31.2072963679,strike-slip,1311,Gyaring Co Fault,"Armijo, et al., 1986, 1989; Taylor, et al., 2003; Taylor and Peltzer, 2006",6379.093227554774,4201.253223115507,4885
335,38,87.92934036134119,31.368864770533293,88.3077893635,31.2072963679,strike-slip,1311,Gyaring Co Fault,"Armijo, et al., 1986, 1989; Taylor, et al., 2003; Taylor and Peltzer, 2006",6463.041697115,4168.527548541182,4648
336,38,88.16055436644889,31.28586487126386,88.3077893635,31.2072963679,strike-slip,1311,Gyaring Co Fault,"Armijo, et al., 1986, 1989; Taylor, et al., 2003; Taylor and Peltzer, 2006",6518.533058349727,4148.607572713331,4697
337,38,88.27912565111951,31.226579228928554,88.3077893635,31.2072963679,strike-slip,1311,Gyaring Co Fault,"Armijo, et al., 1986, 1989; Taylor, et al., 2003; Taylor and Peltzer, 2006",6546.990166675229,4134.37901855058,4936
338,38,88.60519668396371,31.00722235228791,88.3077893635,31.2072963679,strike-slip,1311,Gyaring Co Fault,"Armijo, et al., 1986, 1989; Taylor, et al., 2003; Taylor and Peltzer, 2006",6625.247214570358,4081.7333681484033,4895
339,38,88.72969653286785,30.906436760317888,88.3077893635,31.2072963679,strike-slip,1311,Gyaring Co Fault,"Armijo, et al., 1986, 1989; Taylor, et al., 2003; Taylor and Peltzer, 2006",6655.127178312131,4057.5448260717276,4982
340,38,88.87791063870613,30.799722604114333,88.3077893635,31.2072963679,strike-slip,1311,Gyaring Co Fault,"Armijo, et al., 1986, 1989; Taylor, et al., 2003; Taylor and Peltzer, 2006",6690.698563719009,4031.9334285787763,4866
341,38,88.97276766644262,30.70486557637784,88.3077893635,31.2072963679,strike-slip,1311,Gyaring Co Fault,"Armijo, et al., 1986, 1989; Taylor, et al., 2003; Taylor and Peltzer, 2006",6713.464250379411,4009.167741918376,4866
342,38,89.04391043724499,30.63372280557547,88.3077893635,31.2072963679,strike-slip,1311,Gyaring Co Fault,"Armijo, et al., 1986, 1989; Taylor, et al., 2003; Taylor and Peltzer, 2006",6730.538515374711,3992.093476923075,4916
343,39,87.42556685160397,31.55514601244217,87.1206275182,31.6870415311,strike-slip,1311,Gyaring Co Fault,"Armijo, et al., 1986, 1989; Taylor, et al., 2003; Taylor and Peltzer, 2006",6342.136054758723,4213.235046606465,4776
344,39,87.33376814074167,31.586701819301084,87.1206275182,31.6870415311,strike-slip,1311,Gyaring Co Fault,"Armijo, et al., 1986, 1989; Taylor, et al., 2003; Taylor and Peltzer, 2006",6320.104364148245,4220.808440253816,4605
345,39,87.24196942987938,31.623995045588888,87.1206275182,31.6870415311,strike-slip,1311,Gyaring Co Fault,"Armijo, et al., 1986, 1989; Taylor, et al., 2003; Taylor and Peltzer, 2006",6298.072673537769,4229.758814564321,4850
346,39,87.18602959044767,31.651247787876134,87.1206275182,31.6870415311,strike-slip,1311,Gyaring Co Fault,"Armijo, et al., 1986, 1989; Taylor, et al., 2003; Taylor and Peltzer, 2006",6284.6471120720125,4236.299472714307,4676
347,39,87.12865539615873,31.6799348850206,87.1206275182,31.6870415311,strike-slip,1311,Gyaring Co Fault,"Armijo, et al., 1986, 1989; Taylor, et al., 2003; Taylor and Peltzer, 2006",6270.877305440465,4243.184376030081,4626
348,39,87.04115974986811,31.757390047310658,87.1206275182,31.6870415311,strike-slip,1311,Gyaring Co Fault,"Armijo, et al., 1986, 1989; Taylor, et al., 2003; Taylor and Peltzer, 2006",6249.878350327355,4261.773614982669,4566
349,39,87.0153413624381,31.788945854169572,87.1206275182,31.6870415311,strike-slip,1311,Gyaring Co Fault,"Armijo, et al., 1986, 1989; Taylor, et al., 2003; Taylor and Peltzer, 2006",6243.681937343159,4269.34700863002,4592
350,39,86.90346168357468,31.836279564457943,87.1206275182,31.6870415311,strike-slip,1311,Gyaring Co Fault,"Armijo, et al., 1986, 1989; Taylor, et al., 2003; Taylor and Peltzer, 2006",6216.830814411643,4280.707099101047,4633
351,39,86.84178442471408,31.856360532459068,87.1206275182,31.6870415311,strike-slip,1311,Gyaring Co Fault,"Armijo, et al., 1986, 1989; Taylor, et al., 2003; Taylor and Peltzer, 2006",6202.0282722827305,4285.526531422088,4733
352,40,86.6840053904195,32.03422053475476,86.7902408615,31.97926884,strike-slip,1311,Gyaring Co Fault,"Armijo, et al., 1986, 1989; Taylor, et al., 2003; Taylor and Peltzer, 2006",6164.161304045973,4328.212931979883,4525
353,40,86.77867281099624,31.986886824466392,86.7902408615,31.97926884,strike-slip,1311,Gyaring Co Fault,"Armijo, et al., 1986, 1989; Taylor, et al., 2003; Taylor and Peltzer, 2006",6186.881484988026,4316.852841508858,4556
354,40,86.8374813601424,31.948159243321363,86.7902408615,31.97926884,strike-slip,1311,Gyaring Co Fault,"Armijo, et al., 1986, 1989; Taylor, et al., 2003; Taylor and Peltzer, 2006",6200.9955367853645,4307.558222032564,4507
355,40,86.87047152185853,31.913734726748004,86.7902408615,31.97926884,strike-slip,1311,Gyaring Co Fault,"Armijo, et al., 1986, 1989; Taylor, et al., 2003; Taylor and Peltzer, 2006",6208.913175598502,4299.296338053636,4637
356,40,86.87620894128743,31.89939117817577,86.7902408615,31.97926884,strike-slip,1311,Gyaring Co Fault,"Armijo, et al., 1986, 1989; Taylor, et al., 2003; Taylor and Peltzer, 2006",6210.290156261657,4295.853886395748,4668
357,41,86.67539926127617,31.968240211322488,86.5430964508,32.0270023695,strike-slip,1311,Gyaring Co Fault,"Armijo, et al., 1986, 1989; Taylor, et al., 2003; Taylor and Peltzer, 2006",6162.095833051243,4312.377654353605,4483
358,41,86.61228764755833,31.985452469609168,86.5430964508,32.0270023695,strike-slip,1311,Gyaring Co Fault,"Armijo, et al., 1986, 1989; Taylor, et al., 2003; Taylor and Peltzer, 2006",6146.949045756539,4316.508596343069,4538
359,41,86.56208522755551,32.01700827646808,86.5430964508,32.0270023695,strike-slip,1311,Gyaring Co Fault,"Armijo, et al., 1986, 1989; Taylor, et al., 2003; Taylor and Peltzer, 2006",6134.900464953935,4324.08198999042,4553
360,41,86.50757974298104,32.04569537361255,86.5430964508,32.0270023695,strike-slip,1311,Gyaring Co Fault,"Armijo, et al., 1986, 1989; Taylor, et al., 2003; Taylor and Peltzer, 2006",6121.819148653967,4330.966893306195,4536
361,41,86.41578103211874,32.09876650332981,86.5430964508,32.0270023695,strike-slip,1311,Gyaring Co Fault,"Armijo, et al., 1986, 1989; Taylor, et al., 2003; Taylor and Peltzer, 2006",6099.787458043492,4343.703964440375,4930
362,42,97.60393760797291,27.69216677130729,98.3393733911,26.7045685053,strike-slip,1311,,,8784.945036678117,3286.120028585756,1407
363,42,97.71809287826477,27.509518338840312,98.3393733911,26.7045685053,strike-slip,1311,,,8812.342301552548,3242.2844047866674,880
364,42,97.98064999993605,27.34970096043171,98.3393733911,26.7045685053,strike-slip,1311,,,8875.356010763737,3203.9282339624665,856
365,42,98.29457699323866,27.132805946877177,98.3393733911,26.7045685053,strike-slip,1311,,,8950.698489168419,3151.8734307010495,849
366,42,98.36307015541378,26.887372115749677,98.3393733911,26.7045685053,strike-slip,1311,,,8967.136848093076,3092.969311221025,879
367,42,98.32311581081163,26.57915288596166,98.3393733911,26.7045685053,strike-slip,1311,,,8957.547805387027,3018.9966960600646,592
368,42,98.2603304121511,26.459289852155205,98.3393733911,26.7045685053,strike-slip,1311,,,8942.47930970609,2990.229567941913,1142
369,42,98.24891488512192,26.270933656173636,98.3393733911,26.7045685053,strike-slip,1311,,,8939.739583218647,2945.0240808991034,1112
370,42,98.14046737834465,25.945591135841834,98.3393733911,26.7045685053,strike-slip,1311,,,8913.712181587938,2866.941876006978,291
371,42,98.00918881750901,25.745819412831082,98.3393733911,26.7045685053,strike-slip,1311,,,8882.205326982343,2818.996662476726,821
372,42,97.79800156746907,25.51750887224736,98.3393733911,26.7045685053,strike-slip,1311,,,8831.520386964648,2764.2021327278662,370
373,43,97.90644907424634,25.51465499049008,97.9278309003,25.1189686856,strike-slip,1311,,,8857.547788595357,2763.517201106009,562
374,43,97.90074131073175,25.29775997693555,97.9278309003,25.1189686856,strike-slip,1311,,,8856.177925351634,2711.462397844593,1264
375,43,97.92928012830471,25.10940378095398,97.9278309003,25.1189686856,strike-slip,1311,,,8863.027241570242,2666.2569108017833,1811
376,43,97.92928012830471,24.898216530914038,97.9278309003,25.1189686856,strike-slip,1311,,,8863.027241570242,2615.5719707840876,1916
377,43,97.92928012830471,24.721275861961654,97.9278309003,25.1189686856,strike-slip,1311,,,8863.027241570242,2573.1062102287215,823
378,44,99.25847555676555,25.458801824881903,99.7921309698,24.9887337331,strike-slip,1311,,,9182.034144451884,2750.112441357902,1617
379,44,99.33869277372739,25.28633480841393,99.7921309698,24.9887337331,strike-slip,1311,,,9201.286276525807,2708.7203573989655,1250
380,44,99.40687740814496,25.210128452300175,99.7921309698,24.9887337331,strike-slip,1311,,,9217.650588788643,2690.4308319287384,1277
381,44,99.65956164157478,25.06974832261694,99.7921309698,24.9887337331,strike-slip,1311,,,9278.294804821502,2656.7396007993716,1162
382,44,99.94834362263742,24.893270445300878,99.7921309698,24.9887337331,strike-slip,1311,,,9347.602480287625,2614.3849102367394,1966
383,44,100.21707129945962,24.788988063250475,99.7921309698,24.9887337331,strike-slip,1311,,,9412.097122735271,2589.3571385406385,1590
384,44,100.45772295034516,24.67668395950389,99.7921309698,24.9887337331,strike-slip,1311,,,9469.853518957041,2562.4041536371456,1414
385,45,73.36833673532713,39.31550529390961,73.9964074186,39.2869337103,right slip,1311,,,2968.400826312484,6075.721274456649,4146
386,45,73.75929487115202,39.32667552636175,73.9964074186,39.2869337103,right slip,1311,,,3062.23077892547,6078.40213024559,3934
387,45,73.96594417151661,39.29316482900533,73.9964074186,39.2869337103,right slip,1311,,,3111.8266110209065,6070.359562878763,4474
388,45,74.21168928546369,39.2428987829707,73.9964074186,39.2869337103,right slip,1311,,,3170.8054383776425,6058.295711828522,4603
389,45,74.36248742356757,39.22614343429249,73.9964074186,39.2869337103,right slip,1311,,,3206.9969915283646,6054.274428145108,4587
390,45,74.53004091034968,39.19821785316214,73.9964074186,39.2869337103,right slip,1311,,,3247.209828362505,6047.572288672753,4966
391,45,74.61381765374072,39.16470715580572,73.9964074186,39.2869337103,right slip,1311,,,3267.3162467795723,6039.529721305925,4554
392,46,66.97716130427652,44.662941002861224,69.8325147728,43.0126025708,,1311,Talas-Fergana fault,"Thompson, et al., 2002; Tapponnier, et al., 1979",1434.5187226149158,7359.105844810378,255
393,46,67.53180924781593,44.48326631692592,69.8325147728,43.0126025708,,1311,Talas-Fergana fault,"Thompson, et al., 2002; Tapponnier, et al., 1979",1567.6342290856721,7315.9839201790055,264
394,46,67.9458422197538,44.16297665938908,69.8325147728,43.0126025708,,1311,Talas-Fergana fault,"Thompson, et al., 2002; Tapponnier, et al., 1979",1667.00214236666,7239.1144023578645,561
395,46,68.39112296315868,43.936430316253265,69.8325147728,43.0126025708,,1311,Talas-Fergana fault,"Thompson, et al., 2002; Tapponnier, et al., 1979",1773.8695208009299,7184.743279996569,674
396,46,68.71141262069551,43.83487505898549,69.8325147728,43.0126025708,,1311,Talas-Fergana fault,"Thompson, et al., 2002; Tapponnier, et al., 1979",1850.7390386220688,7160.3700182484035,979
397,46,69.07076199256612,43.56145705864916,69.8325147728,43.0126025708,,1311,Talas-Fergana fault,"Thompson, et al., 2002; Tapponnier, et al., 1979",1936.9828878848136,7094.749698157186,861
398,46,69.49260690737074,43.26460322971257,69.8325147728,43.0126025708,,1311,Talas-Fergana fault,"Thompson, et al., 2002; Tapponnier, et al., 1979",2038.225667454122,7023.504779201005,539
399,46,69.94569959364237,42.928689686442226,69.8325147728,43.0126025708,,1311,Talas-Fergana fault,"Thompson, et al., 2002; Tapponnier, et al., 1979",2146.967912176712,6942.885528803223,819
400,46,70.32848479411322,42.73339111477342,69.8325147728,43.0126025708,,1311,Talas-Fergana fault,"Thompson, et al., 2002; Tapponnier, et al., 1979",2238.836360304415,6896.01387159521,1084
401,46,70.86750885191913,42.46778505730384,69.8325147728,43.0126025708,,1311,Talas-Fergana fault,"Thompson, et al., 2002; Tapponnier, et al., 1979",2368.2021341985305,6832.268417792312,1828
402,46,71.24248210952324,42.34279397143581,69.8325147728,43.0126025708,,1311,Talas-Fergana fault,"Thompson, et al., 2002; Tapponnier, et al., 1979",2458.195716037916,6802.270557179185,2998
403,46,72.07054805339898,42.02250431389897,69.8325147728,43.0126025708,,1311,Talas-Fergana fault,"Thompson, et al., 2002; Tapponnier, et al., 1979",2656.931542599892,6725.401039358044,2267
404,46,72.64081988267189,41.84282962796367,69.8325147728,43.0126025708,,1311,Talas-Fergana fault,"Thompson, et al., 2002; Tapponnier, et al., 1979",2793.796781647289,6682.279114726672,1343
405,46,72.89861399727472,41.73346242782913,69.8325147728,43.0126025708,,1311,Talas-Fergana fault,"Thompson, et al., 2002; Tapponnier, et al., 1979",2855.667369161868,6656.030986690183,1086
406,47,69.77424472576338,43.391948095320366,70.4720514462,43.0316663487,,1311,,,2105.81874387917,7054.0675469517655,869
407,47,70.24151673980548,43.16430275514601,70.4720514462,43.0316663487,,1311,,,2217.9640272672164,6999.4326653011785,817
408,47,70.53306252634457,42.99656408343859,70.4720514462,43.0316663487,,1311,,,2287.935016047793,6959.175384084957,555
409,47,70.83259586867925,42.868763190709124,70.4720514462,43.0316663487,,1311,,,2359.8230182196194,6928.503169824978,620
410,47,71.18804210158306,42.7090120747973,70.4720514462,43.0316663487,,1311,,,2445.130114130184,6890.1629020000055,830
411,48,69.36687938018821,43.70745654924623,69.9662560131,43.3948821735,,1311,,,2008.0510609254861,7129.789575906088,430
412,48,69.87808295110607,43.443867207991715,69.9662560131,43.3948821735,,1311,,,2130.739917965402,7066.528133994883,625
413,48,70.16563495974735,43.284116092079884,69.9662560131,43.3948821735,,1311,,,2199.752400050352,7028.187866169909,784
414,48,70.54903763793575,43.05247697400773,69.9662560131,43.3948821735,,1311,,,2291.7690428302917,6972.594477823698,481
415,49,72.31969064558784,45.260929973870724,73.763534798,44.3425207396,right slip,1311,,,2716.7257647347856,7502.6231978756205,427
416,49,73.11255165937153,44.740364661790515,73.763534798,44.3425207396,right slip,1311,,,2907.0124080733176,7377.68752295638,611
417,49,73.70519524543208,44.37997329188883,73.763534798,44.3425207396,right slip,1311,,,3049.246868750606,7291.193594166138,492
418,49,74.35389971125511,43.96352104222466,73.763534798,44.3425207396,right slip,1311,,,3204.935940573044,7191.245054230745,868
419,49,74.86645632622638,43.579103580996204,73.763534798,44.3425207396,right slip,1311,,,3327.9495281858317,7098.984863521154,1022
420,49,75.1467607250388,43.338842667728414,73.763534798,44.3425207396,right slip,1311,,,3395.222583911576,7041.322244327658,1367
421,50,79.65565543869774,46.67564534944546,81.5030378546,45.8456684129,right slip,1311,,,4477.357315362861,7842.154888067882,409
422,50,80.04442221769735,46.52720712473651,81.5030378546,45.8456684129,right slip,1311,,,4570.661342337697,7806.529714132035,513
423,50,80.33423018022434,46.37170041313667,81.5030378546,45.8456684129,right slip,1311,,,4640.2152533553035,7769.208103342102,449
424,50,80.5886957082968,46.237399162209535,81.5030378546,45.8456684129,right slip,1311,,,4701.286980102464,7736.975803114431,405
425,50,81.09762676444174,45.997070607918864,81.5030378546,45.8456684129,right slip,1311,,,4823.4304335967945,7679.296950075442,700
426,50,81.36622926629602,45.88397481766444,81.5030378546,45.8456684129,right slip,1311,,,4887.895034052135,7652.153960410036,1374
427,50,81.71965361084112,45.785016001191806,81.5030378546,45.8456684129,right slip,1311,,,4972.716876756532,7628.403844452805,565
428,50,82.08721492916803,45.537618960010235,81.5030378546,45.8456684129,right slip,1311,,,5060.9315931691035,7569.028554559728,689
429,50,82.39115986547681,45.26194797126506,81.5030378546,45.8456684129,right slip,1311,,,5133.878377894882,7502.8675172503,657
430,50,82.77285815758552,44.83077027092004,81.5030378546,45.8456684129,right slip,1311,,,5225.48596801563,7399.384869150938,206
431,50,83.03439217254889,44.56216776906576,81.5030378546,45.8456684129,right slip,1311,,,5288.254131616882,7334.920268695596,772
432,51,91.05310819224057,45.244627029605134,91.5586701902,45.1202427285,right slp,1311,,,7212.745976650804,7498.710491251253,2268
433,51,91.58755331184099,45.113136563671695,91.5586701902,45.1202427285,right slp,1311,,,7341.012805375428,7467.152779422178,1581
434,51,92.06685726830804,45.00709586533828,91.5586701902,45.1202427285,right slp,1311,,,7456.045754945924,7441.703011818086,1618
435,52,79.79212000075225,49.24420276170699,81.5744071231,48.3406645347,right slip,1311,,,4510.108810261185,8458.608667109282,536
436,52,80.73573474485337,48.82481843099538,81.5744071231,48.3406645347,right slip,1311,,,4736.57634888169,8357.95642772239,795
437,52,81.46965732359868,48.434028486468655,81.5744071231,48.3406645347,right slip,1311,,,4912.717767808746,8264.166841020971,829
438,52,81.90810457843355,48.043238541941925,81.5744071231,48.3406645347,right slip,1311,,,5017.945108985951,8170.377254319549,757
439,52,82.48952376419282,47.66198005947683,81.5744071231,48.3406645347,right slip,1311,,,5157.485713590503,8078.875218513287,878
440,52,82.96609686727419,47.385567659689634,81.5744071231,48.3406645347,right slip,1311,,,5271.863258348331,8012.536242553745,1097
441,52,83.2425092670614,47.242595728765224,81.5744071231,48.3406645347,right slip,1311,,,5338.202234307874,7978.222979126396,1893
442,53,78.66740747748021,49.12029375490583,79.9295210354,48.344614124,right slip,1311,,,4240.177804632706,8428.870505472245,882
443,53,79.20116935293134,48.83434989305701,79.9295210354,48.344614124,right slip,1311,,,4368.2806547614755,8360.243978617547,736
444,53,79.74446269044411,48.472154334715164,79.9295210354,48.344614124,right slip,1311,,,4498.671055785401,8273.317044601597,722
445,53,80.44979088300455,47.98604976957216,79.9295210354,48.344614124,right slip,1311,,,4667.9498220269925,8156.65194894861,654
446,53,80.90730106196267,47.566665438860554,79.9295210354,48.344614124,right slip,1311,,,4777.752264994509,8055.99970956172,1012
447,53,81.08839884113358,47.42369350793614,79.9295210354,48.344614124,right slip,1311,,,4821.215732002482,8021.686446134371,1224
448,54,77.3305111390841,46.32477271414778,78.1332546656,45.5542481925,right slip,1311,Irtysh Fault,"Tapponnier and Molnar, 1979",3919.322683366302,7757.945455582964,346
449,54,77.75341148295584,45.97407486801024,78.1332546656,45.5542481925,right slip,1311,Irtysh Fault,"Tapponnier and Molnar, 1979",4020.8187659117602,7673.777972496489,369
450,54,78.1453678992272,45.54085988160505,78.1332546656,45.5542481925,right slip,1311,Irtysh Fault,"Tapponnier and Molnar, 1979",4114.888305831937,7569.806375742608,494
451,54,78.42386324763054,45.36551095853628,78.1332546656,45.5542481925,right slip,1311,Irtysh Fault,"Tapponnier and Molnar, 1979",4181.727189459432,7527.722634199369,685
452,54,78.69204395350042,45.20047667800097,78.1332546656,45.5542481925,right slip,1311,Irtysh Fault,"Tapponnier and Molnar, 1979",4246.090558878502,7488.114406864557,753
453,54,78.98085394443721,45.14890346533368,78.1332546656,45.5542481925,right slip,1311,Irtysh Fault,"Tapponnier and Molnar, 1979",4315.404956714424,7475.7368358224285,1140
454,54,79.13557358243908,45.107644895199854,78.1332546656,45.5542481925,right slip,1311,Irtysh Fault,"Tapponnier and Molnar, 1979",4352.537669840813,7465.834778988726,1449
455,55,63.2365578876389,40.91459339470435,64.5172207751,40.7443105953,right slip,1311,,,536.7739024782483,6459.502418708791,273
456,55,63.96550908094388,40.80660062532583,64.5172207751,40.7443105953,right slip,1311,,,711.7221888994351,6433.5841540537995,494
457,55,64.52347172273288,40.743604843188365,64.5172207751,40.7443105953,right slip,1311,,,845.6332229502201,6418.465166338389,229
458,55,64.93744400535051,40.65361086870627,64.5172207751,40.7443105953,right slip,1311,,,944.9865707943491,6396.86661245923,264
459,55,65.22542472369322,40.52761930443133,64.5172207751,40.7443105953,right slip,1311,,,1014.1019432076577,6366.628637028408,392
460,55,65.64839640375908,40.419626535052814,64.5172207751,40.7443105953,right slip,1311,,,1115.6151464397053,6340.710372373416,703
461,55,65.75638917313759,40.392628342708186,64.5172207751,40.7443105953,right slip,1311,,,1141.533411094695,6334.230806209668,994
462,56,65.07725117832585,40.75160902083175,65.4935149264,40.7077769998,right slip,1311,,,978.5402923137989,6420.386168973109,225
463,56,65.32620622825647,40.71255724829362,65.4935149264,40.7077769998,right slip,1311,,,1038.2895043067062,6411.013743562458,320
464,56,65.4970577331108,40.707675776726354,65.4935149264,40.7077769998,right slip,1311,,,1079.2938654783052,6409.842190386127,356
465,56,65.6142130507252,40.610046345381015,65.4935149264,40.7077769998,right slip,1311,,,1107.411141710261,6386.411126859496,448
466,56,65.72648689677233,40.522179857170215,65.4935149264,40.7077769998,right slip,1311,,,1134.3568647658838,6365.32316968553,570
467,56,65.84364221438673,40.49289102776662,65.4935149264,40.7077769998,right slip,1311,,,1162.4741409978396,6358.293850627542,555
468,57,63.11799456369992,34.41909704982882,64.7263724197,34.4408847138,right slip,1311,Herat Fault,"Molnar and Tapponnier, 1975; Tapponnier, et al., 1985; Ruleman, et al., 2007",508.3187047283388,4900.583295689237,1674
469,57,63.440773092227396,34.381123105296176,64.7263724197,34.4408847138,right slip,1311,Herat Fault,"Molnar and Tapponnier, 1975; Tapponnier, et al., 1985; Ruleman, et al., 2007",585.7855515873285,4891.469548999944,1389
470,57,63.69235047475617,34.357389389963274,64.7263724197,34.4408847138,right slip,1311,Herat Fault,"Molnar and Tapponnier, 1975; Tapponnier, et al., 1985; Ruleman, et al., 2007",646.1641234038945,4885.7734573191365,1731
471,57,63.92494088501862,34.36688287609643,64.7263724197,34.4408847138,right slip,1311,Herat Fault,"Molnar and Tapponnier, 1975; Tapponnier, et al., 1985; Ruleman, et al., 2007",701.9858218758147,4888.051893991459,1865
472,57,64.2761998719456,34.4001100775625,64.7263724197,34.4408847138,right slip,1311,Herat Fault,"Molnar and Tapponnier, 1975; Tapponnier, et al., 1985; Ruleman, et al., 2007",786.2879787517763,4896.026422344592,2303
473,57,64.70340674793785,34.43808402209515,64.7263724197,34.4408847138,right slip,1311,Herat Fault,"Molnar and Tapponnier, 1975; Tapponnier, et al., 1985; Ruleman, et al., 2007",888.8176290063221,4905.140169033884,2398
474,57,65.09263967939745,34.48555145276095,64.7263724197,34.4408847138,right slip,1311,Herat Fault,"Molnar and Tapponnier, 1975; Tapponnier, et al., 1985; Ruleman, et al., 2007",982.2335325715733,4916.5323523955,2313
475,57,65.72395650725268,34.542512369559915,64.7263724197,34.4408847138,right slip,1311,Herat Fault,"Molnar and Tapponnier, 1975; Tapponnier, et al., 1985; Ruleman, et al., 2007",1133.749571281071,4930.202972429439,2466
476,57,66.04673503578016,34.58997980022573,64.7263724197,34.4408847138,right slip,1311,Herat Fault,"Molnar and Tapponnier, 1975; Tapponnier, et al., 1985; Ruleman, et al., 2007",1211.2164181400606,4941.595155791057,2650
477,57,66.331539619775,34.618460258625205,64.7263724197,34.4408847138,right slip,1311,Herat Fault,"Molnar and Tapponnier, 1975; Tapponnier, et al., 1985; Ruleman, et al., 2007",1279.5695183097591,4948.4304658080255,3042
478,58,67.8006565988817,34.80832998128843,69.1054870799,35.1348017133,right slip,1311,Herat Fault,"Molnar and Tapponnier, 1975; Tapponnier, et al., 1985; Ruleman, et al., 2007",1632.1575933517813,4993.99919925449,2586
479,58,68.13292861354235,34.879531127287144,69.1054870799,35.1348017133,right slip,1311,Herat Fault,"Molnar and Tapponnier, 1975; Tapponnier, et al., 1985; Ruleman, et al., 2007",1711.9028768830956,5011.087474296915,2754
480,58,68.5126680588688,34.945985530219275,69.1054870799,35.1348017133,right slip,1311,Herat Fault,"Molnar and Tapponnier, 1975; Tapponnier, et al., 1985; Ruleman, et al., 2007",1803.0403437760256,5027.036531003179,2215
481,58,68.82595310126312,35.031426905417725,69.1054870799,35.1348017133,right slip,1311,Herat Fault,"Molnar and Tapponnier, 1975; Tapponnier, et al., 1985; Ruleman, et al., 2007",1878.2287539626943,5047.542461054088,2269
482,58,69.08227722685848,35.12636176674933,69.1054870799,35.1348017133,right slip,1311,Herat Fault,"Molnar and Tapponnier, 1975; Tapponnier, et al., 1985; Ruleman, et al., 2007",1939.7465441154225,5070.3268277773195,2281
483,58,69.44777644298519,35.259270572613595,69.1054870799,35.1348017133,right slip,1311,Herat Fault,"Molnar and Tapponnier, 1975; Tapponnier, et al., 1985; Ruleman, et al., 2007",2027.4663559998673,5102.224941189846,2059
484,58,69.67562011018106,35.411166350744175,69.1054870799,35.1348017133,right slip,1311,Herat Fault,"Molnar and Tapponnier, 1975; Tapponnier, et al., 1985; Ruleman, et al., 2007",2082.1488361356255,5138.679927947018,2618
485,58,70.09333350004015,35.67698396247269,69.1054870799,35.1348017133,right slip,1311,Herat Fault,"Molnar and Tapponnier, 1975; Tapponnier, et al., 1985; Ruleman, et al., 2007",2182.4000497178467,5202.476154772069,3234
486,58,70.2499760212373,35.82413299753669,69.1054870799,35.1348017133,right slip,1311,Herat Fault,"Molnar and Tapponnier, 1975; Tapponnier, et al., 1985; Ruleman, et al., 2007",2219.9942548111794,5237.791923193078,4269
487,59,66.41935436650674,34.62795374475837,66.7925582246,34.6522562868,right slip,1311,Herat Fault,"Molnar and Tapponnier, 1975; Tapponnier, et al., 1985; Ruleman, et al., 2007",1300.645057528748,4950.70890248035,3000
488,59,66.78960032570004,34.651687460091274,66.7925582246,34.6522562868,right slip,1311,Herat Fault,"Molnar and Tapponnier, 1975; Tapponnier, et al., 1985; Ruleman, et al., 2007",1389.504087749357,4956.404994161157,3253
489,59,67.15984628489332,34.72288860608998,66.7925582246,34.6522562868,right slip,1311,Herat Fault,"Molnar and Tapponnier, 1975; Tapponnier, et al., 1985; Ruleman, et al., 2007",1478.3631179699626,4973.493269203582,2961
490,60,83.9120574956828,47.4992722793869,84.5219774968,47.3334864678,right slip,1311,,,5498.893809202723,8039.825351285455,858
491,60,84.12881289940697,47.43227515459944,84.5219774968,47.3334864678,right slip,1311,,,5550.915106104846,8023.746041333891,1883
492,60,84.31404024440761,47.40468810321636,84.5219774968,47.3334864678,right slip,1311,,,5595.3696689121125,8017.125149000893,1727
493,60,84.48744456738693,47.34557299310977,84.5219774968,47.3334864678,right slip,1311,,,5636.986706433809,8002.937522573042,1435
494,60,84.80272515462208,47.23522478757747,84.5219774968,47.3334864678,right slip,1311,,,5712.654047382352,7976.453953241053,1354
495,60,85.07071365377195,47.172168670130446,84.5219774968,47.3334864678,right slip,1311,,,5776.97128718861,7961.320485051346,2277
496,60,85.12982876387854,47.156404640768685,84.5219774968,47.3334864678,right slip,1311,,,5791.158913616461,7957.537118003917,2066
497,61,85.5988086373908,48.011603233644,86.6200136023,47.7249245803,right slip,1311,,,5903.714083277415,8162.784780326833,417
498,61,86.19390074579712,47.850021932686,86.6200136023,47.7249245803,right slip,1311,,,6046.536189317783,8124.005268090707,472
499,61,86.62347054590501,47.72390969779194,86.6200136023,47.7249245803,right slip,1311,,,6149.632941360171,8093.738331711291,538
500,61,87.08850941207683,47.50715429406778,86.6200136023,47.7249245803,right slip,1311,,,6261.242269259266,8041.7170348091695,587
501,61,87.61266338835526,47.36133702247153,86.6200136023,47.7249245803,right slip,1311,,,6387.0392235862155,8006.720889620469,507
502,62,96.42699473185351,45.287809729397104,98.3903415063,44.671972631,right slip,1311,,,8502.478746364266,7509.0743392029835,2082
503,62,97.29622831614039,44.98011642522476,98.3903415063,44.671972631,right slip,1311,,,8711.094806626495,7435.227946189805,1888
504,62,98.14238490261432,44.73396178188689,98.3903415063,44.671972631,right slip,1311,,,8914.172387412733,7376.150831779265,2033
505,62,98.63469418929006,44.61088446021795,98.3903415063,44.671972631,right slip,1311,,,9032.326616233813,7346.612274573994,1871
506,62,99.2039268020089,44.46473014073609,98.3903415063,44.671972631,right slip,1311,,,9168.942443308193,7311.535237892734,2269
507,62,99.99623706025267,44.19549849958529,98.3903415063,44.671972631,right slip,1311,,,9359.096905317123,7246.919644006204,1714
508,62,100.36546902525949,44.09549817572928,98.3903415063,44.671972631,right slip,1311,,,9447.712576932938,7222.919566276922,1452
509,63,97.1346893314499,44.7416541144912,98.0906978356,44.4023556369,right slip,1311,,,8672.325450294577,7377.996991604594,1387
510,63,97.60392162031272,44.633961458030875,98.0906978356,44.4023556369,right slip,1311,,,8784.94119963967,7352.150754049981,1550
511,63,98.08853857438416,44.40319147990162,98.0906978356,44.4023556369,right slip,1311,,,8901.249268635425,7296.765959290099,1305
512,63,99.04238781731841,44.03395951489481,98.0906978356,44.4023556369,right slip,1311,,,9130.173086976274,7208.150287674285,1404
513,64,96.52737687224612,44.72590187095778,97.5248077128,44.2389327386,right slip,1311,,,8526.570460062349,7374.216453155968,1330
514,64,97.32066663493005,44.3614173854003,97.5248077128,44.2389327386,right slip,1311,,,8716.960003136954,7286.7401766081775,1552
515,64,97.85667323133809,44.03981342755547,97.5248077128,44.2389327386,right slip,1311,,,8845.601586295466,7209.555226713069,1631
516,64,98.51060127895592,43.728929601638804,97.5248077128,44.2389327386,right slip,1311,,,9002.544317748854,7134.94310848113,1254
517,65,97.90089707942577,45.54691705098889,99.2837212563,45.1426029352,right slip,1311,,,8856.215309838208,7571.260096394962,1971
518,65,98.55142018303741,45.393609058417994,99.2837212563,45.1426029352,right slip,1311,,,9012.34085472998,7534.46617817206,1876
519,65,99.13979139776895,45.190579554743024,99.2837212563,45.1426029352,right slip,1311,,,9153.549946288142,7485.739097282271,2069
520,65,99.58728499770561,45.0414150214308,99.2837212563,45.1426029352,right slip,1311,,,9260.948410290126,7449.93960928161,2164
521,65,99.9684832495035,44.93782853996398,99.2837212563,45.1426029352,right slip,1311,,,9352.43599073626,7425.078853725595,1881
522,65,100.66458440496054,44.72651211777167,99.2837212563,45.1426029352,right slip,1311,,,9519.500268072676,7374.362912391326,1698
523,66,99.86241069248146,45.12842766586293,100.81724433,44.9685376071,right slip,1311,,,9326.978577046895,7470.822643948662,1720
524,66,100.76568481087213,44.975119673292035,100.81724433,44.9685376071,right slip,1311,,,9543.76436549534,7434.02872572576,1466
525,66,101.349912566345,44.90053740663593,100.81724433,44.9685376071,right slip,1311,,,9683.979026831263,7416.12898172543,2161
526,66,101.75597157369494,44.75551633258238,100.81724433,44.9685376071,right slip,1311,,,9781.433188610841,7381.32392394701,2171
527,67,96.79210738180494,45.59663856209296,97.6903116897,45.3145138556,anticline,1311,,,8590.10578236663,7583.193259061849,3081
528,67,97.2396009817416,45.45990440655676,97.6903116897,45.3145138556,anticline,1311,,,8697.504246368613,7550.37706172791,2472
529,67,97.75338992981703,45.294166036209845,97.6903116897,45.3145138556,anticline,1311,,,8820.813593926445,7510.599852838285,2927
530,67,98.14287510013227,45.14500150289762,97.6903116897,45.3145138556,anticline,1311,,,8914.290034817059,7474.800364837624,2602
531,67,98.56136448525822,44.95854583625734,97.6903116897,45.3145138556,anticline,1311,,,9014.727487263357,7430.051004836798,2184
532,68,84.45455582025305,35.058743634346214,84.5476165737,34.9890417688,right slip,1311,,,5629.093407120414,5054.098475997975,4970
533,68,84.54349379567417,34.992040152780376,84.5476165737,34.9890417688,right slip,1311,,,5650.438521224898,5038.089640419612,4984
534,68,84.60463865377619,34.94757116506982,84.5476165737,34.9890417688,right slip,1311,,,5665.113287171732,5027.41708336737,5092
535,68,84.64354901802292,34.92348379672659,84.5476165737,34.9890417688,right slip,1311,,,5674.451774592441,5021.636114964072,5180
536,69,82.49967993599425,29.11052201729287,0.0,0.0,right-slip,1311,,,5159.9231948232355,3626.52528767676,2434
537,69,82.43851783827041,29.154209229952755,0.0,0.0,right-slip,1311,,,5145.244291367166,3637.01021871681,4131
538,69,82.39483062561052,29.205177644722628,0.0,0.0,right-slip,1311,,,5134.759360327115,3649.2426382635367,3166
539,69,82.3220186045107,29.277989665822442,0.0,0.0,right-slip,1311,,,5117.284475260361,3666.7175233302883,3468
540,69,82.25066282383288,29.363907850720224,0.0,0.0,right-slip,1311,,,5100.159087894945,3687.337887709055,3224
541,69,82.18658824526506,29.441088593086025,0.0,0.0,right-slip,1311,,,5084.781189036206,3705.861265879811,2868
542,69,82.13853231133918,29.522638056717817,0.0,0.0,right-slip,1311,,,5073.2477648921495,3725.4331371545727,2929
543,70,83.1884816555985,28.29065865970895,0.0,0.0,,1311,,,5325.235607554704,3429.7580818251363,1492
544,70,83.0661574601508,28.383858046716714,0.0,0.0,,1311,,,5295.877800642561,3452.125934710579,2232
545,70,82.93655206259314,28.449388865706545,0.0,0.0,,1311,,,5264.772505223744,3467.8533312706545,2750
546,70,82.83752771389739,28.517832165540373,0.0,0.0,,1311,,,5241.0066615329615,3484.2797232334015,3293
547,70,82.72685344182567,28.578994263264217,0.0,0.0,,1311,,,5214.444836231499,3498.9586266894726,2945
548,70,82.65986638241384,28.62122523550211,0.0,0.0,,1311,,,5198.3679419700875,3509.0940600281883,2379
549,70,82.61909165059794,28.661999967318003,0.0,0.0,,1311,,,5188.5820063327055,3518.879995665569,2098
550,71,83.04988387630557,28.61922120796486,0.0,0.0,,1311,,,5291.97214051908,3508.6130934191715,3073
551,71,82.9626483743313,28.648881278636114,0.0,0.0,,1311,,,5271.035620041904,3515.7315103814117,2863
552,71,82.89576782281767,28.682612339399505,0.0,0.0,,1311,,,5254.984287676067,3523.8269649659205,2821
553,71,82.85447635188319,28.70645670993914,0.0,0.0,,1311,,,5245.074334650206,3529.5496138963485,2670
554,71,82.83063198134354,28.742514050755176,0.0,0.0,,1311,,,5239.351685719775,3538.203375693582,3306
555,71,82.80155348068546,28.772755691439595,0.0,0.0,,1311,,,5232.372845560717,3545.461369459004,3901
556,71,82.78468795030376,28.784968661715993,0.0,0.0,,1311,,,5228.325118268463,3548.3924823258085,4422
557,72,95.21124663340132,45.37626052940708,0.0,0.0,right slip,1311,,,8210.699202689055,7530.302531208774,1825
558,72,95.28567923269287,45.264611630469744,0.0,0.0,right slip,1311,,,8228.563026521886,7503.506795459527,1829
559,72,95.30597903249966,45.15634603150021,0.0,0.0,right slip,1311,,,8233.434978476296,7477.523051702682,1525
560,72,95.29582913259627,45.021014032788294,0.0,0.0,right slip,1311,,,8230.999002499091,7445.043372006625,1901
561,72,95.30936233246746,44.82816593462382,0.0,0.0,right slip,1311,,,8234.246970468697,7398.759828439745,2999
562,72,95.30936233246746,44.74358343542887,0.0,0.0,right slip,1311,,,8234.246970468697,7378.460028629709,3048
563,72,95.31612893240306,44.672534136105114,0.0,0.0,right slip,1311,,,8235.870954453501,7361.40819678928,2985
564,72,95.36011183198443,44.567651837103384,0.0,0.0,right slip,1311,,,8246.426850354717,7336.236445024837,1978
565,72,95.44469433117938,44.46276953810165,0.0,0.0,right slip,1311,,,8266.726650164754,7311.064693260392,1706
566,73,82.64098072018375,29.090307983378107,0.0,0.0,right-slip,1311,Tibrikot Fault,,5193.835383034141,3621.6739195364407,3717
567,73,82.69634507526874,29.07040169840373,0.0,0.0,right-slip,1311,Tibrikot Fault,,5207.122828256664,3616.8964111418263,3408
568,73,82.78965578608613,29.021258057373238,0.0,0.0,right-slip,1311,Tibrikot Fault,,5229.517398856421,3605.1019372926207,2148
569,73,82.84813049819836,28.987044130073528,0.0,0.0,right-slip,1311,Tibrikot Fault,,5243.551329765602,3596.8905947393764,2842
570,73,82.89105342517436,28.957184702611965,0.0,0.0,right-slip,1311,Tibrikot Fault,,5253.852832241491,3589.724332147455,2288
571,73,82.92588942387952,28.940388774664832,0.0,0.0,right-slip,1311,Tibrikot Fault,,5262.2134719320675,3585.6933094394976,3009
572,73,82.96445785101737,28.929813560772196,0.0,0.0,right-slip,1311,Tibrikot Fault,,5271.469894446632,3583.155258104859,2494
573,73,83.01422356345331,28.913639704230516,0.0,0.0,right-slip,1311,Tibrikot Fault,,5283.413665433169,3579.2735325342346,3902
574,73,83.05465820480752,28.906796918770574,0.0,0.0,right-slip,1311,Tibrikot Fault,,5293.117979359732,3577.631264023586,4049
575,73,83.09820320318897,28.889378919417993,0.0,0.0,right-slip,1311,Tibrikot Fault,,5303.568778972952,3573.4509441782975,3256
576,73,83.13428334470503,28.87382713428176,0.0,0.0,right-slip,1311,Tibrikot Fault,,5312.22801293819,3569.718515745005,3028
577,74,81.86128739273684,29.93735853133126,81.3781093212,30.1475811859,normal,1311,Humla fault,"Murphy and Copeland, 2005",5006.708984416943,3824.966051077724,2390
578,74,81.83703249061033,29.97374088452102,81.3781093212,30.1475811859,normal,1311,Humla fault,"Murphy and Copeland, 2005",5000.887807905648,3833.697815844664,2828
579,74,81.78043771898182,30.03033565614954,81.3781093212,30.1475811859,normal,1311,Humla fault,"Murphy and Copeland, 2005",4987.305062712632,3847.2805610376813,3402
580,74,81.72788543104105,30.066718009339304,81.3781093212,30.1475811859,normal,1311,Humla fault,"Murphy and Copeland, 2005",4974.692513604829,3856.012325804622,4705
581,74,81.59852595303299,30.107142846216817,81.3781093212,30.1475811859,normal,1311,Humla fault,"Murphy and Copeland, 2005",4943.646238877928,3865.7142866567774,4388
582,74,81.46916647502495,30.135440232031076,81.3781093212,30.1475811859,normal,1311,Humla fault,"Murphy and Copeland, 2005",4912.599964151032,3872.5056592532865,4799
583,74,81.4187876591056,30.142157407486987,81.3781093212,30.1475811859,normal,1311,Humla fault,"Murphy and Copeland, 2005",4900.509048328454,3874.117781362963,5140
584,75,79.11058230500839,33.07151125675482,0.0,0.0,,1311,,,4346.539763256488,4577.162705299729,4155
585,75,79.10976309469858,33.03847031116408,0.0,0.0,,1311,,,4346.343152782101,4569.2328783566845,4216
586,75,79.10976309469858,32.998495366266134,0.0,0.0,,1311,,,4346.343152782101,4559.6388915796415,4578
587,75,79.11166666350324,32.96613469658684,0.0,0.0,,1311,,,4346.800009295294,4551.872330855369,4720
588,75,79.1192809387219,32.9204490452749,0.0,0.0,,1311,,,4348.627435348064,4540.9077745387485,4838
589,75,79.1192809387219,32.87666696276762,0.0,0.0,,1311,,,4348.627435348064,4530.40007473532,5001
590,75,79.12879878274522,32.83669201786967,0.0,0.0,,1311,,,4350.911717914027,4520.806087958277,4794
591,75,79.13260592035455,32.7871992289484,0.0,0.0,,1311,,,4351.825430940412,4508.927818615272,4958
592,75,79.13641305796388,32.75483855926911,0.0,0.0,,1311,,,4352.739143966796,4501.161257891,4792
593,75,79.14851798014045,32.69476010918496,0.0,0.0,,1311,,,4355.64432528964,4486.742429868496,4876
594,75,79.17638800286183,32.634913724575256,0.0,0.0,,1311,,,4362.333130743839,4472.379297559869,4766
595,75,79.20851072644054,32.53116922472105,0.0,0.0,,1311,,,4370.042584403964,4447.480617590875,5565
